0.5945307612419128,0.7992686033248901,2.3998273945835535e-07,0.682461142539978,0.7199153900146484,-0.02364402823150158,0.7230262160301208,0.5861921906471252,-0.025446657091379166,0.7454721331596375,0.4797883927822113,-0.02890380658209324,0.7714570760726929,0.40960291028022766,-0.033020980656147,0.6502104997634888,0.44163820147514343,-0.0015802565030753613,0.6500175595283508,0.3025631904602051,-0.019967982545495033,0.6446487307548523,0.2228817492723465,-0.0396384671330452,0.6345428824424744,0.1510007679462433,-0.05625798553228378,0.5957384705543518,0.43840712308883667,-0.010606224648654461,0.5942612886428833,0.28493577241897583,-0.025361156091094017,0.5954862236976624,0.19127902388572693,-0.0462639257311821,0.5911761522293091,0.11453095078468323,-0.06378478556871414,0.5459010601043701,0.46606647968292236,-0.025429319590330124,0.531899094581604,0.3239798843860626,-0.0440620593726635,0.5324807167053223,0.23814044892787933,-0.0653516948223114,0.5325398445129395,0.1620614230632782,-0.08220460265874863,0.4991863965988159,0.5186564326286316,-0.04360164701938629,0.47076934576034546,0.4183569550514221,-0.06648358702659607,0.45707571506500244,0.35064682364463806,-0.082037553191185,0.44882500171661377,0.2856357991695404,-0.09371330589056015
0.6257583498954773,0.7861562967300415,3.747715027202503e-07,0.7043609619140625,0.7064876556396484,-0.03266654908657074,0.751181960105896,0.5739049315452576,-0.04278819262981415,0.7784398198127747,0.4722701609134674,-0.05225289240479469,0.8119049668312073,0.40799328684806824,-0.0619184672832489,0.6855925917625427,0.4261374771595001,-0.015049395151436329,0.6901604533195496,0.2934718728065491,-0.04017312452197075,0.6917943358421326,0.21379713714122772,-0.06291031092405319,0.6900681257247925,0.14530271291732788,-0.0800882875919342,0.6329184174537659,0.42586225271224976,-0.020762044936418533,0.6392685770988464,0.28123873472213745,-0.04147277772426605,0.645714521408081,0.19419197738170624,-0.061837371438741684,0.6508194208145142,0.12774360179901123,-0.07716456055641174,0.5832632780075073,0.45229318737983704,-0.03296319767832756,0.5833323001861572,0.31179124116897583,-0.05625768378376961,0.5940648317337036,0.22670136392116547,-0.07378283143043518,0.6069029569625854,0.15969574451446533,-0.08642740547657013,0.5318145751953125,0.5029054284095764,-0.04917086660861969,0.5093151926994324,0.3991530239582062,-0.0748457983136177,0.5027303695678711,0.325637549161911,-0.08839388191699982,0.5035055875778198,0.25856131315231323,-0.09726673364639282
0.6227608323097229,0.8215155005455017,2.8950356067980465e-07,0.7106726169586182,0.7449898719787598,-0.030989613384008408,0.7567830681800842,0.6124128103256226,-0.0381946936249733,0.7803022861480713,0.5062233209609985,-0.04556140676140785,0.8090139031410217,0.43614766001701355,-0.053545329719781876,0.686863362789154,0.46697860956192017,-0.011151463724672794,0.6858408451080322,0.3269033432006836,-0.03394046053290367,0.6796013712882996,0.24140565097332,-0.05707997828722,0.6686549782752991,0.16527125239372253,-0.07596272230148315,0.6315652132034302,0.46125921607017517,-0.018449030816555023,0.6294400691986084,0.3045666813850403,-0.03731900453567505,0.6291131973266602,0.20514395833015442,-0.06101297587156296,0.6229373812675476,0.12477108836174011,-0.0800292044878006,0.580234944820404,0.4871235489845276,-0.031851813197135925,0.5682939291000366,0.338908851146698,-0.05390065163373947,0.5697360038757324,0.24869047105312347,-0.07581938058137894,0.5695040225982666,0.17039337754249573,-0.09237899631261826,0.531775176525116,0.5380951762199402,-0.049039438366889954,0.5079675316810608,0.4327235221862793,-0.07409301400184631,0.4973309338092804,0.36206960678100586,-0.08952450752258301,0.4912618398666382,0.2950538992881775,-0.10047775506973267
0.621512770652771,0.8251363635063171,5.489566206051677e-07,0.7265879511833191,0.770039439201355,-0.04462045058608055,0.7936399579048157,0.6575469970703125,-0.05746114253997803,0.8295658826828003,0.5594018697738647,-0.06778824329376221,0.8546516299247742,0.4812527596950531,-0.07801564037799835,0.7258053421974182,0.48782429099082947,-0.015943538397550583,0.7403925061225891,0.34921443462371826,-0.03534070774912834,0.7472472190856934,0.2625870704650879,-0.05581095442175865,0.7479619383811951,0.18738368153572083,-0.07351909577846527,0.667727530002594,0.47259512543678284,-0.018643278628587723,0.6841577291488647,0.31863340735435486,-0.03510912135243416,0.6981896758079529,0.22061577439308167,-0.058980830013751984,0.7052659392356873,0.14367863535881042,-0.07920567691326141,0.6111592650413513,0.48918384313583374,-0.029146399348974228,0.6201313734054565,0.3389076888561249,-0.05232248082756996,0.632551372051239,0.24964210391044617,-0.07715042680501938,0.6435532569885254,0.1732977032661438,-0.09596408158540726,0.5550215244293213,0.5292989611625671,-0.04451275244355202,0.5464776754379272,0.4169645309448242,-0.07182670384645462,0.5445889830589294,0.3468950092792511,-0.08980049192905426,0.5483182668685913,0.2825128436088562,-0.10311254113912582
0.6197271347045898,0.8281741142272949,7.217137181214639e-07,0.7313746809959412,0.7894355058670044,-0.049693163484334946,0.7997103929519653,0.6888657212257385,-0.06423474848270416,0.8414713740348816,0.599053144454956,-0.0750688835978508,0.8896181583404541,0.5363680720329285,-0.08536025881767273,0.7618346214294434,0.5221413373947144,-0.012253439985215664,0.7886292934417725,0.3876587152481079,-0.03052632510662079,0.8040400147438049,0.299038290977478,-0.05172387883067131,0.8123910427093506,0.22299671173095703,-0.06981231272220612,0.7037466764450073,0.49445557594299316,-0.010866837576031685,0.736896812915802,0.34612104296684265,-0.025524474680423737,0.7606353759765625,0.24935975670814514,-0.04886050894856453,0.775216817855835,0.17510196566581726,-0.06804924458265305,0.6428951621055603,0.49692514538764954,-0.018398452550172806,0.6697604656219482,0.35375136137008667,-0.03989214077591896,0.692293643951416,0.2718769609928131,-0.0639042779803276,0.7123366594314575,0.20087334513664246,-0.08160488307476044,0.5783602595329285,0.5205122232437134,-0.03143572434782982,0.5858106017112732,0.4136553108692169,-0.05738495662808418,0.5918952226638794,0.3472445607185364,-0.07460926473140717,0.603748083114624,0.2832840085029602,-0.08703545480966568
0.6314419507980347,0.8447002172470093,3.2738640243223927e-07,0.7173446416854858,0.781688928604126,-0.052964091300964355,0.7922214269638062,0.6609523296356201,-0.076127789914608,0.8349189162254333,0.5480180978775024,-0.09679253399372101,0.8234561085700989,0.46531984210014343,-0.1171804890036583,0.7109132409095764,0.4823495149612427,-0.03300231695175171,0.7150387167930603,0.3467474579811096,-0.06469310820102692,0.7212015986442566,0.29159465432167053,-0.08989696204662323,0.7220075130462646,0.25372862815856934,-0.1076987087726593,0.6487090587615967,0.4725804328918457,-0.03323932737112045,0.6444207429885864,0.3153104782104492,-0.05669381469488144,0.6387262344360352,0.23069420456886292,-0.07977891713380814,0.6341961622238159,0.15802651643753052,-0.09823565185070038,0.5941547751426697,0.495972603559494,-0.041688140481710434,0.5786048769950867,0.3454776108264923,-0.07000560313463211,0.5654366612434387,0.25086766481399536,-0.09300323575735092,0.5553739070892334,0.17076081037521362,-0.11060337722301483,0.5422661304473877,0.5492027401924133,-0.0557527020573616,0.5105416178703308,0.4494504928588867,-0.08452624082565308,0.4857305884361267,0.38067299127578735,-0.1005667895078659,0.4643585979938507,0.31721290946006775,-0.11237066239118576
0.6200798153877258,0.845461368560791,2.565678300925356e-07,0.7137088179588318,0.8163720369338989,-0.042415063828229904,0.8013749718666077,0.7129878997802734,-0.05943590775132179,0.8620445132255554,0.6353582739830017,-0.07571613043546677,0.9044736623764038,0.5889866948127747,-0.08910783380270004,0.7671449184417725,0.5322716236114502,-0.029119959101080894,0.8279424905776978,0.42108452320098877,-0.08076488226652145,0.854841947555542,0.46551835536956787,-0.1203274130821228,0.8596596121788025,0.5291212797164917,-0.14095230400562286,0.7116358876228333,0.5015690922737122,-0.03245515376329422,0.7523758411407471,0.35602447390556335,-0.06572014093399048,0.7740641236305237,0.28169727325439453,-0.09651456028223038,0.786462128162384,0.2276219129562378,-0.11903931200504303,0.6492310762405396,0.5040897727012634,-0.04510759562253952,0.6772174835205078,0.366398423910141,-0.07851357012987137,0.7038469314575195,0.28098636865615845,-0.1023591160774231,0.7272260785102844,0.2204611897468567,-0.1186901330947876,0.5828311443328857,0.532833456993103,-0.06251619011163712,0.5886139869689941,0.435070276260376,-0.0894770398736,0.5984944105148315,0.3641899824142456,-0.10164621472358704,0.6108860969543457,0.3030235171318054,-0.10965041816234589
0.6067384481430054,0.8139795064926147,4.6914678364373685e-07,0.6997526288032532,0.7670050263404846,-0.04343774542212486,0.7775347232818604,0.6617230176925659,-0.05634820833802223,0.8156883716583252,0.5616236925125122,-0.06797555834054947,0.7847180962562561,0.49142390489578247,-0.08132069557905197,0.7023575305938721,0.48071974515914917,0.001050004968419671,0.7066131234169006,0.3672468662261963,-0.020569585263729095,0.7036062479019165,0.2920214831829071,-0.04827089607715607,0.7010459899902344,0.22915974259376526,-0.07218477129936218,0.6537227630615234,0.47062942385673523,-0.0016349715879186988,0.6478002071380615,0.34101492166519165,-0.026341956108808517,0.6440362930297852,0.24906298518180847,-0.06397034972906113,0.6449774503707886,0.17215174436569214,-0.09386997669935226,0.6032885313034058,0.4925004541873932,-0.012364869937300682,0.6020758152008057,0.35979387164115906,-0.05121241882443428,0.6069260835647583,0.2801065742969513,-0.09077595174312592,0.6122874021530151,0.225704163312912,-0.11645825952291489,0.5504343509674072,0.5326896905899048,-0.0269211046397686,0.5558201670646667,0.430105060338974,-0.06846269220113754,0.5705078840255737,0.37176400423049927,-0.09715019166469574,0.5867272615432739,0.3326975107192993,-0.11665622889995575
0.6029964089393616,0.8189042210578918,1.5668152286707482e-07,0.7032471895217896,0.7337329387664795,-0.01540890522301197,0.7440313696861267,0.6045857667922974,-0.019086703658103943,0.7667436003684998,0.503397524356842,-0.028126820921897888,0.8015337586402893,0.43405696749687195,-0.03959118202328682,0.6654164791107178,0.4552968740463257,0.010320031084120274,0.6566465497016907,0.31219714879989624,-0.008192731998860836,0.6473163366317749,0.23156209290027618,-0.03214164450764656,0.6329513192176819,0.1599985659122467,-0.0541001595556736,0.6088640689849854,0.4598638713359833,-0.0101111875846982,0.5970251560211182,0.29313886165618896,-0.026904623955488205,0.591876745223999,0.19526781141757965,-0.055978577584028244,0.5814741849899292,0.11776092648506165,-0.08259227126836777,0.557681679725647,0.49155592918395996,-0.036865975707769394,0.5402079820632935,0.33505457639694214,-0.061063867062330246,0.5364385843276978,0.24478182196617126,-0.0897836834192276,0.5321969389915466,0.1625843644142151,-0.11437617242336273,0.5124624967575073,0.5409657955169678,-0.06620000302791595,0.4935286343097687,0.42660287022590637,-0.09768480062484741,0.4861305356025696,0.35542312264442444,-0.12016049027442932,0.4835205078125,0.28528153896331787,-0.13914825022220612
0.6055446863174438,0.8227049112319946,3.5149569921344437e-09,0.6941134929656982,0.7319852113723755,-0.021179812029004097,0.7353401184082031,0.5891807079315186,-0.02387835644185543,0.7589372396469116,0.4790066182613373,-0.029189737513661385,0.79068922996521,0.4113534688949585,-0.03600562363862991,0.6554529666900635,0.43794959783554077,-0.0021142628975212574,0.6445758938789368,0.2932181656360626,-0.023893816396594048,0.6342103481292725,0.21270306408405304,-0.04798208922147751,0.6213520169258118,0.1395418643951416,-0.06866580992937088,0.6017330884933472,0.4406014680862427,-0.014824979938566685,0.5851031541824341,0.27643483877182007,-0.033730629831552505,0.5778987407684326,0.1801917999982834,-0.06031499058008194,0.5674424767494202,0.10017994046211243,-0.08359435200691223,0.5549706220626831,0.47435620427131653,-0.03295450657606125,0.5318055152893066,0.3214110732078552,-0.05623142793774605,0.526825487613678,0.2317485362291336,-0.08046886324882507,0.5220584273338318,0.15193688869476318,-0.10027279704809189,0.512510359287262,0.5310153961181641,-0.053987208753824234,0.4882943034172058,0.41872718930244446,-0.08074373751878738,0.47919386625289917,0.3468531370162964,-0.0980147048830986,0.4745827615261078,0.2788901925086975,-0.11185946315526962
0.5831719636917114,0.8040330410003662,6.528632070512685e-07,0.686988353729248,0.7720982432365417,-0.07572177052497864,0.7756443619728088,0.6759540438652039,-0.10619290918111801,0.8265715837478638,0.586569607257843,-0.12999430298805237,0.8308155536651611,0.5061534643173218,-0.15413011610507965,0.7421272397041321,0.5056886076927185,-0.02822658233344555,0.7560018301010132,0.39084845781326294,-0.06628376245498657,0.7620998024940491,0.3053905963897705,-0.10347779095172882,0.7580150365829468,0.23481181263923645,-0.13068708777427673,0.6865735650062561,0.4770057499408722,-0.01921876147389412,0.7089598774909973,0.35152697563171387,-0.055572230368852615,0.7158597707748413,0.2621442675590515,-0.09360573440790176,0.7246513366699219,0.19049492478370667,-0.12046657502651215,0.6253308057785034,0.47259846329689026,-0.022342624142766,0.6547585725784302,0.34993886947631836,-0.06268845498561859,0.6751201748847961,0.27412694692611694,-0.09182092547416687,0.6952801942825317,0.21700623631477356,-0.11016181856393814,0.5544955134391785,0.4825187921524048,-0.033383991569280624,0.5682772397994995,0.3857076168060303,-0.06860743463039398,0.5798802375793457,0.31464654207229614,-0.08690659701824188,0.5950213074684143,0.2556813359260559,-0.10002009570598602
0.5705404281616211,0.8233300447463989,8.097257477857056e-07,0.6882415413856506,0.7955443859100342,-0.04791905730962753,0.7701823711395264,0.7077716588973999,-0.06066988408565521,0.8351477980613708,0.637505292892456,-0.07129622995853424,0.9024026989936829,0.6005188822746277,-0.08082007616758347,0.7454068660736084,0.5336784720420837,0.005259287543594837,0.7964788675308228,0.41052889823913574,-0.007816881872713566,0.8267943859100342,0.3308142423629761,-0.02732015587389469,0.8489681482315063,0.259219765663147,-0.04437755048274994,0.6919727325439453,0.49757567048072815,0.008053218945860863,0.749921977519989,0.3595203757286072,0.00036335756885819137,0.7891030311584473,0.27468904852867126,-0.019553707912564278,0.8164816498756409,0.2097662389278412,-0.036573778837919235,0.6325706243515015,0.4878515303134918,0.0008405853877775371,0.6801964044570923,0.3506331443786621,-0.013849769718945026,0.7162338495254517,0.2805822789669037,-0.032921843230724335,0.7490527629852295,0.22290608286857605,-0.047367118299007416,0.5671324729919434,0.4956790506839752,-0.01262155082076788,0.5953664779663086,0.3943637013435364,-0.030286720022559166,0.6165870428085327,0.3341235816478729,-0.042335446923971176,0.6429617404937744,0.28019702434539795,-0.051700204610824585
0.5700319409370422,0.839523196220398,4.02743694394303e-07,0.6730042099952698,0.7684339284896851,-0.027339424937963486,0.72679603099823,0.6486653685569763,-0.032219044864177704,0.7688336372375488,0.5533515810966492,-0.039338238537311554,0.8165251612663269,0.49157506227493286,-0.04720655083656311,0.6741917729377747,0.48642104864120483,0.011718038469552994,0.6898308992385864,0.34464046359062195,-0.00371392909437418,0.6938045024871826,0.25930213928222656,-0.024784624576568604,0.6914129257202148,0.18046241998672485,-0.04333227872848511,0.6172138452529907,0.47154107689857483,0.002408155705779791,0.6338629722595215,0.3097565472126007,-0.009562150575220585,0.6454511284828186,0.21085220575332642,-0.03251155838370323,0.6494091153144836,0.13283246755599976,-0.05218981206417084,0.5606896877288818,0.48787012696266174,-0.014590729959309101,0.5654315948486328,0.33519166707992554,-0.03232865408062935,0.5775883793830872,0.2494325488805771,-0.05488305538892746,0.5900695323944092,0.1734236478805542,-0.07306908816099167,0.5050724148750305,0.5265595316886902,-0.03572811186313629,0.5022988319396973,0.41480234265327454,-0.0577654205262661,0.5061395168304443,0.34313827753067017,-0.0736737996339798,0.5174989700317383,0.2747448682785034,-0.08650591969490051
0.5471031665802002,0.8027580976486206,7.11586210400128e-07,0.6634935140609741,0.7415168881416321,-0.02797665446996689,0.7232682108879089,0.6331049203872681,-0.031034601852297783,0.7673228979110718,0.546325147151947,-0.03564903512597084,0.8215985298156738,0.49629923701286316,-0.03980762138962746,0.6799378991127014,0.4793734550476074,0.027738094329833984,0.7060709595680237,0.34570011496543884,0.02289452962577343,0.7182473540306091,0.26190024614334106,0.007220524363219738,0.7253839373588562,0.1873168647289276,-0.00854170136153698,0.6228669881820679,0.45795872807502747,0.021979080513119698,0.6527284383773804,0.31174689531326294,0.019717415794730186,0.6726996898651123,0.21636512875556946,8.896425424609333e-05,0.6846393346786499,0.14623519778251648,-0.017687084153294563,0.5633983612060547,0.46348151564598083,0.00782580766826868,0.5848760008811951,0.32158374786376953,-0.0009053766261786222,0.6044504642486572,0.24367791414260864,-0.018437739461660385,0.6246594786643982,0.17493894696235657,-0.033352065831422806,0.5002384185791016,0.4865669012069702,-0.011140851303935051,0.5142898559570312,0.38192296028137207,-0.02528429590165615,0.524395227432251,0.31918078660964966,-0.03647250309586525,0.5419254899024963,0.25594982504844666,-0.04608219861984253
0.5542746782302856,0.8147093057632446,8.180645636457484e-07,0.6716505885124207,0.7741225957870483,-0.04424237087368965,0.7460426092147827,0.6793743968009949,-0.05260747671127319,0.8054618239402771,0.6051576137542725,-0.059002120047807693,0.8682044744491577,0.5637345314025879,-0.06401868164539337,0.7177649140357971,0.5152934789657593,0.021336305886507034,0.7619514465332031,0.39129042625427246,0.015785884112119675,0.7857642769813538,0.3115198016166687,-0.0016497940523549914,0.8030043840408325,0.2409774661064148,-0.017938049510121346,0.6633895635604858,0.4829584062099457,0.026274465024471283,0.7104570865631104,0.3492468595504761,0.027078932151198387,0.7428310513496399,0.2647457718849182,0.007853183895349503,0.7649510502815247,0.20190560817718506,-0.009447826072573662,0.6038706302642822,0.4770320653915405,0.021247731521725655,0.6434714794158936,0.3435787856578827,0.01592339761555195,0.6728856563568115,0.27326279878616333,-0.001761136227287352,0.7000182271003723,0.21367019414901733,-0.01696024090051651,0.538629412651062,0.4910930395126343,0.009926551021635532,0.5586413741111755,0.39260709285736084,0.00031363533344119787,0.5764006972312927,0.3351019620895386,-0.009166535921394825,0.5994312763214111,0.2825668454170227,-0.017666395753622055
0.5522150993347168,0.829359769821167,2.827761989010469e-07,0.6536539793014526,0.7760201692581177,-0.03302757441997528,0.7344776391983032,0.6652761697769165,-0.04145072400569916,0.7955748438835144,0.5818443894386292,-0.05293303355574608,0.8303022980690002,0.524834394454956,-0.062313828617334366,0.70039302110672,0.49751007556915283,0.0042617605067789555,0.7588633298873901,0.3896145224571228,-0.03176308423280716,0.7929701805114746,0.38569897413253784,-0.06480127573013306,0.813092827796936,0.41013815999031067,-0.08526171743869781,0.6504748463630676,0.4748014211654663,-0.0050282408483326435,0.6829107999801636,0.31107789278030396,-0.04269253835082054,0.7197122573852539,0.23825468122959137,-0.0835036188364029,0.7461211085319519,0.20727136731147766,-0.11312760412693024,0.5910974740982056,0.47788694500923157,-0.023515421897172928,0.6290940046310425,0.3553783893585205,-0.07429434359073639,0.680445671081543,0.37926003336906433,-0.11302173137664795,0.7159416079521179,0.4354391396045685,-0.13371630012989044,0.5250325202941895,0.49385321140289307,-0.04482269659638405,0.5346514582633972,0.38721635937690735,-0.08873454481363297,0.55536949634552,0.3277812600135803,-0.11753658950328827,0.5749444365501404,0.2899293005466461,-0.13668011128902435
0.5376872420310974,0.8240141272544861,1.0367690492785187e-06,0.6619026064872742,0.7898008227348328,-0.04762888327240944,0.7381924390792847,0.6984068751335144,-0.0668058842420578,0.7977877855300903,0.6333698034286499,-0.08429614454507828,0.8663444519042969,0.5898628830909729,-0.10140372067689896,0.7083234786987305,0.5295743942260742,-0.006788352970033884,0.7543038129806519,0.3992014229297638,-0.026139382272958755,0.7833349108695984,0.31540703773498535,-0.05038570240139961,0.8028491139411926,0.2432980239391327,-0.07147640734910965,0.6499130725860596,0.4977759122848511,-0.011073485016822815,0.7011756896972656,0.3528326749801636,-0.028132429346442223,0.7376639246940613,0.25973886251449585,-0.05548080429434776,0.7630214095115662,0.19067952036857605,-0.07829359173774719,0.5861084461212158,0.49391525983810425,-0.024824902415275574,0.6314696073532104,0.3503379225730896,-0.04703586548566818,0.6643102765083313,0.2715669870376587,-0.06906918436288834,0.6939430832862854,0.2020624876022339,-0.08645420521497726,0.5181213617324829,0.5039289593696594,-0.04453055188059807,0.5524218082427979,0.39731013774871826,-0.0692427009344101,0.5741591453552246,0.3333278000354767,-0.08289855718612671,0.6000578999519348,0.2716670036315918,-0.09377129375934601
0.5458512306213379,0.829013466835022,4.341467274571187e-07,0.6368169784545898,0.797985315322876,-0.03435669094324112,0.71932053565979,0.6976985931396484,-0.04126422852277756,0.7715938687324524,0.6271032094955444,-0.04653250798583031,0.8165172934532166,0.5877353549003601,-0.05234876275062561,0.688997745513916,0.5243333578109741,-0.014722135849297047,0.7205477952957153,0.39719659090042114,-0.0415792241692543,0.7418668866157532,0.3166525959968567,-0.06362743675708771,0.7565877437591553,0.25904443860054016,-0.07907849550247192,0.6412349343299866,0.4976583421230316,-0.018706783652305603,0.675927996635437,0.3566476106643677,-0.04381175339221954,0.7037144303321838,0.2743062376976013,-0.0666290745139122,0.7249007821083069,0.22795411944389343,-0.08210649341344833,0.5858674049377441,0.4987207055091858,-0.02978314273059368,0.6212382912635803,0.36040636897087097,-0.06037247180938721,0.6563887596130371,0.28293678164482117,-0.08342345803976059,0.6884598731994629,0.238947331905365,-0.09728068858385086,0.5203667879104614,0.5181865692138672,-0.04418409988284111,0.5422587394714355,0.41394758224487305,-0.0762367993593216,0.5629470348358154,0.34321850538253784,-0.0946568101644516,0.5845382809638977,0.2890869379043579,-0.10559285432100296
0.5327078700065613,0.8370847702026367,2.870831963264209e-07,0.6244673728942871,0.759618878364563,-0.02253849059343338,0.6753355264663696,0.6314054131507874,-0.029901497066020966,0.7129545211791992,0.5376245379447937,-0.03941221535205841,0.7618458271026611,0.4840269386768341,-0.050313983112573624,0.6081357002258301,0.4700666069984436,-0.0006489428342320025,0.6108550429344177,0.33775633573532104,-0.026961930096149445,0.6118375062942505,0.25727200508117676,-0.05290673300623894,0.6094098091125488,0.1873965561389923,-0.07278639078140259,0.5577403903007507,0.46430468559265137,-0.012556415982544422,0.5651744604110718,0.3199573755264282,-0.035533059388399124,0.5760000348091125,0.22969847917556763,-0.05961370840668678,0.5837821960449219,0.16149017214775085,-0.07769431173801422,0.5069394707679749,0.4870794415473938,-0.03088676556944847,0.5133827924728394,0.343757688999176,-0.05760543793439865,0.5319280624389648,0.2613239884376526,-0.07673560082912445,0.5515466928482056,0.1956995725631714,-0.08974659442901611,0.45427238941192627,0.5326806902885437,-0.052149802446365356,0.4505429267883301,0.4233032763004303,-0.08119556307792664,0.4581316411495209,0.34970593452453613,-0.09575572609901428,0.4707634150981903,0.284895658493042,-0.10472133755683899
0.5456739664077759,0.8299044370651245,4.841201075578283e-07,0.6260790228843689,0.7872185707092285,-0.03521021455526352,0.6955724358558655,0.6696373820304871,-0.046011004596948624,0.7414718270301819,0.5875949859619141,-0.054740555584430695,0.7911845445632935,0.5375889539718628,-0.06442512571811676,0.6507810354232788,0.5007606744766235,-0.021591588854789734,0.6680862307548523,0.3732231557369232,-0.04849366471171379,0.680646538734436,0.29145437479019165,-0.07068274915218353,0.6882665157318115,0.22687333822250366,-0.08702509105205536,0.6005070209503174,0.4836033582687378,-0.027381334453821182,0.6242454648017883,0.347717821598053,-0.05180463194847107,0.645050585269928,0.26775023341178894,-0.07397250086069107,0.6611843705177307,0.214542418718338,-0.08953142911195755,0.5442518591880798,0.4963923394680023,-0.03965235874056816,0.5670368075370789,0.35889580845832825,-0.06932484358549118,0.5941773653030396,0.2797466516494751,-0.09008761495351791,0.6200539469718933,0.22496560215950012,-0.1032552719116211,0.4800533652305603,0.5320959687232971,-0.05537326633930206,0.4894106388092041,0.424373060464859,-0.0866062194108963,0.5020515322685242,0.3513398766517639,-0.10270103812217712,0.5161038041114807,0.2924882769584656,-0.11230702698230743
0.5207546353340149,0.8183856010437012,5.417062425294716e-07,0.6312181353569031,0.7519369125366211,-0.027419045567512512,0.685858428478241,0.6346154808998108,-0.0327434316277504,0.7196146845817566,0.5376078486442566,-0.03979703038930893,0.7635220289230347,0.47048699855804443,-0.04769491031765938,0.6263719797134399,0.46834027767181396,0.011529594659805298,0.6365631818771362,0.3271615505218506,-0.001615934888832271,0.6399486660957336,0.23799338936805725,-0.02104148268699646,0.6369187831878662,0.1592821180820465,-0.03879368677735329,0.5673080682754517,0.4573456048965454,0.001802287413738668,0.5825539231300354,0.3007124364376068,-0.008860411122441292,0.5923945903778076,0.19767901301383972,-0.031290244311094284,0.5943192839622498,0.11881613731384277,-0.05082419514656067,0.5097070932388306,0.4745265543460846,-0.015630176290869713,0.5191303491592407,0.3220549523830414,-0.0328446626663208,0.5314849019050598,0.23385633528232574,-0.05396275967359543,0.5434647798538208,0.15618473291397095,-0.07097464799880981,0.45163434743881226,0.5115321278572083,-0.03717335686087608,0.45598509907722473,0.3958696722984314,-0.060306061059236526,0.4628085494041443,0.3241003155708313,-0.076008141040802,0.47639966011047363,0.253038614988327,-0.08827833831310272
0.517525315284729,0.8057655692100525,6.238742571440525e-07,0.6295838952064514,0.7336484789848328,-0.02589631825685501,0.680087149143219,0.6210259199142456,-0.03648904711008072,0.7145385146141052,0.5320066809654236,-0.0518646165728569,0.7614123225212097,0.4604352116584778,-0.06874818354845047,0.6244558095932007,0.456805557012558,0.018770230934023857,0.6329579949378967,0.317007839679718,0.006063264794647694,0.6366131901741028,0.22982117533683777,-0.014676987193524837,0.6319153904914856,0.15404611825942993,-0.03393411263823509,0.5635207295417786,0.4508202075958252,0.0027156034484505653,0.5774145126342773,0.29081815481185913,-0.005165210925042629,0.5876076221466064,0.18970131874084473,-0.027918972074985504,0.5903065204620361,0.11241555213928223,-0.04922056943178177,0.5057944655418396,0.46822091937065125,-0.022252211347222328,0.5148387551307678,0.3142487406730652,-0.03781826049089432,0.5276820659637451,0.22605101764202118,-0.0596032552421093,0.5388877391815186,0.14878439903259277,-0.07918864488601685,0.45105573534965515,0.5007746815681458,-0.05199166387319565,0.455064982175827,0.38845521211624146,-0.07471327483654022,0.46290072798728943,0.3183635473251343,-0.09105973690748215,0.47674721479415894,0.25066643953323364,-0.10556305199861526
0.5273820757865906,0.7939165830612183,5.170348913452472e-07,0.6368863582611084,0.7235256433486938,-0.020652426406741142,0.6861605644226074,0.6095230579376221,-0.027968784794211388,0.7209160923957825,0.5199679732322693,-0.04059266671538353,0.7652183771133423,0.451401948928833,-0.05490032956004143,0.6263149976730347,0.4490359425544739,0.020203039050102234,0.6363896727561951,0.3073243498802185,0.008787128143012524,0.6390976309776306,0.22109395265579224,-0.010847082361578941,0.6343627572059631,0.14527803659439087,-0.02942316047847271,0.5673391819000244,0.44306114315986633,0.0033495966345071793,0.5818711519241333,0.28076401352882385,-0.003368755802512169,0.5920406579971313,0.18131300806999207,-0.025058075785636902,0.5954837203025818,0.10502713918685913,-0.045792724937200546,0.5111863017082214,0.45987996459007263,-0.02148136869072914,0.5196157693862915,0.30601680278778076,-0.03487763553857803,0.5311326384544373,0.21818846464157104,-0.05590331181883812,0.5415608286857605,0.14059078693389893,-0.07559014856815338,0.45881515741348267,0.49300870299339294,-0.05056329071521759,0.45957106351852417,0.3829718828201294,-0.07201885432004929,0.4652180075645447,0.31406986713409424,-0.08814100176095963,0.47686833143234253,0.24731776118278503,-0.10269970446825027
0.5342584848403931,0.7972280979156494,5.054375264990085e-07,0.6471238136291504,0.7255695462226868,-0.01554488018155098,0.6972299218177795,0.609711229801178,-0.01873347908258438,0.7302936911582947,0.5187312960624695,-0.027965780347585678,0.7718342542648315,0.45002391934394836,-0.03950059786438942,0.6365800499916077,0.44674447178840637,0.025668468326330185,0.644318163394928,0.3060538172721863,0.014907707460224628,0.6472473740577698,0.21982625126838684,-0.005032893270254135,0.6428701877593994,0.1437498927116394,-0.024396050721406937,0.5775197744369507,0.4417960047721863,0.006080138962715864,0.5897387266159058,0.2814014256000519,-0.0024298226926475763,0.5988906621932983,0.17952895164489746,-0.02719743736088276,0.6005108952522278,0.10164773464202881,-0.05019108206033707,0.5208462476730347,0.46013715863227844,-0.021120604127645493,0.5295003652572632,0.3062294125556946,-0.03742290288209915,0.5412502288818359,0.2177056223154068,-0.06164686009287834,0.5518275499343872,0.13954314589500427,-0.08295617252588272,0.46637487411499023,0.4946182370185852,-0.051784321665763855,0.4700716733932495,0.38128894567489624,-0.0758616179227829,0.47633206844329834,0.3103894889354706,-0.09406096488237381,0.4884917140007019,0.2407282292842865,-0.10996013879776001
0.5501706600189209,0.7962589263916016,5.320864602254005e-07,0.659320056438446,0.7334654331207275,-0.023523567244410515,0.71653813123703,0.6190723776817322,-0.022754719480872154,0.7593322992324829,0.5278118848800659,-0.02420998178422451,0.8080618977546692,0.4754425883293152,-0.025921886786818504,0.6692962050437927,0.461843341588974,0.031204985454678535,0.6862467527389526,0.3274489641189575,0.027806395664811134,0.6917444467544556,0.24524542689323425,0.012884159572422504,0.6911415457725525,0.17151817679405212,-0.0020039312075823545,0.6122105121612549,0.4443785846233368,0.024593587964773178,0.6330140829086304,0.29376402497291565,0.025248244404792786,0.6458539366722107,0.19844907522201538,0.007662685122340918,0.6511139869689941,0.12603574991226196,-0.008723603561520576,0.5540798902511597,0.45291459560394287,0.009856627322733402,0.5697153210639954,0.30675065517425537,0.002486215438693762,0.5863500833511353,0.22576458752155304,-0.015669221058487892,0.6018497347831726,0.15495312213897705,-0.03114049695432186,0.49289944767951965,0.48076871037483215,-0.009109473787248135,0.5031925439834595,0.37142473459243774,-0.022707609459757805,0.5125143527984619,0.3065016269683838,-0.03408930450677872,0.528292179107666,0.24270132184028625,-0.04385919123888016
0.5656794309616089,0.823623538017273,1.1443684400092025e-07,0.6558772921562195,0.7672132849693298,-0.023139499127864838,0.7159672975540161,0.6458117365837097,-0.023991171270608902,0.7625019550323486,0.5518131256103516,-0.02615819312632084,0.800697386264801,0.4977432191371918,-0.028913874179124832,0.6522647738456726,0.45056936144828796,0.0087558189406991,0.6515553593635559,0.31621253490448,-0.00505517004057765,0.6461601853370667,0.23898759484291077,-0.024065770208835602,0.638697624206543,0.17281311750411987,-0.04010410234332085,0.5999792814254761,0.44041550159454346,0.0022468448150902987,0.5982224941253662,0.2887043356895447,-0.010429807007312775,0.5952081084251404,0.19763228297233582,-0.03113899752497673,0.5895425081253052,0.12630775570869446,-0.04785836860537529,0.5487579703330994,0.45960283279418945,-0.01021467987447977,0.5455000996589661,0.3125911355018616,-0.027725014835596085,0.5459630489349365,0.22527550160884857,-0.0469701923429966,0.5443803668022156,0.15137949585914612,-0.06147870793938637,0.4938156306743622,0.5026708245277405,-0.025839053094387054,0.49070146679878235,0.3903685510158539,-0.04656181111931801,0.4940794110298157,0.31967777013778687,-0.05918256193399429,0.5001664757728577,0.25460079312324524,-0.0681338831782341
0.5658178329467773,0.8273731470108032,1.0143135398266168e-07,0.6673222780227661,0.7572165727615356,-0.021604057401418686,0.7318030595779419,0.6459100842475891,-0.024253113195300102,0.7817779183387756,0.561739444732666,-0.03104395978152752,0.8203942775726318,0.5136855840682983,-0.038881734013557434,0.6554366946220398,0.4494698643684387,0.031630538403987885,0.6485079526901245,0.3143192529678345,0.020012781023979187,0.6399622559547424,0.23961231112480164,-0.005102890077978373,0.6302680373191833,0.17144784331321716,-0.027718940749764442,0.6032266616821289,0.44576209783554077,0.02129911258816719,0.5963682532310486,0.2973516881465912,0.011194761842489243,0.5923126339912415,0.2047451138496399,-0.01745585910975933,0.5841500163078308,0.1329745054244995,-0.04337192699313164,0.5542895793914795,0.4680498242378235,0.003157538827508688,0.5505167841911316,0.32400983572006226,-0.012640506029129028,0.551423192024231,0.24056152999401093,-0.03718109056353569,0.550340473651886,0.1717250943183899,-0.05795306712388992,0.5069975256919861,0.5081298351287842,-0.018996572121977806,0.5034045577049255,0.3982396721839905,-0.0387376993894577,0.5071201324462891,0.3282575309276581,-0.054392728954553604,0.5143626928329468,0.2671812176704407,-0.06816098093986511
0.5220589637756348,0.8531240224838257,7.160083441704046e-07,0.6398705244064331,0.8395803570747375,-0.03706097602844238,0.730309009552002,0.7628862857818604,-0.045047465711832047,0.803490400314331,0.7080297470092773,-0.05307318642735481,0.8716402649879456,0.6875327825546265,-0.060308847576379776,0.7152240872383118,0.5770872831344604,0.021638596430420876,0.7662880420684814,0.460883766412735,0.01571115106344223,0.795257568359375,0.3869915008544922,2.3038168365019374e-05,0.8157029151916504,0.3210268020629883,-0.01495607290416956,0.6649191379547119,0.5366024971008301,0.020668718963861465,0.7201970219612122,0.4048687219619751,0.02049688994884491,0.7571712732315063,0.3260888457298279,0.0034432965330779552,0.7836241126060486,0.2654387950897217,-0.012096167542040348,0.606765627861023,0.5209293961524963,0.010595452971756458,0.6581127643585205,0.39103299379348755,0.0024702257942408323,0.6937109231948853,0.32682040333747864,-0.012321658432483673,0.7248226404190063,0.2729412317276001,-0.024468135088682175,0.5406903028488159,0.5250614881515503,-0.0050286175683140755,0.5761176347732544,0.42796915769577026,-0.01732821576297283,0.6001819968223572,0.3759562373161316,-0.024330634623765945,0.6268913745880127,0.32953062653541565,-0.030039530247449875
0.49482616782188416,0.8331880569458008,4.966051960764162e-07,0.5744315981864929,0.7842541337013245,-0.032686226069927216,0.646598756313324,0.6707639694213867,-0.03651643171906471,0.6951252818107605,0.5978909730911255,-0.03932501748204231,0.74336838722229,0.5537474751472473,-0.04144121706485748,0.5917840600013733,0.5035660862922668,0.001741881133057177,0.6140254735946655,0.38747912645339966,-0.014623849652707577,0.6326375007629395,0.31530293822288513,-0.031342439353466034,0.6479882597923279,0.25720298290252686,-0.04438274726271629,0.5440406799316406,0.48895373940467834,-0.0008501559495925903,0.5719418525695801,0.3575553894042969,-0.017260665073990822,0.5971277952194214,0.2805633544921875,-0.036909643560647964,0.6215822696685791,0.224911630153656,-0.05104590207338333,0.4938924312591553,0.4976860284805298,-0.010762808844447136,0.5197779536247253,0.3746330440044403,-0.03515726327896118,0.5556415915489197,0.3173348307609558,-0.05334863066673279,0.5926746726036072,0.27722370624542236,-0.06416971236467361,0.4367833137512207,0.5230667591094971,-0.024673517793416977,0.45479023456573486,0.41685950756073,-0.050642021000385284,0.4776853919029236,0.3507947027683258,-0.06475196033716202,0.5051332116127014,0.29860860109329224,-0.07345107942819595
0.46157628297805786,0.8400083780288696,2.9638763976436167e-07,0.5539184808731079,0.7963906526565552,-0.033387716859579086,0.6271320581436157,0.6856992244720459,-0.03828813508152962,0.6834271550178528,0.6066799163818359,-0.042025670409202576,0.7380268573760986,0.5708436369895935,-0.04609790816903114,0.5839569568634033,0.5040028095245361,0.0031267863232642412,0.601763129234314,0.3765204846858978,-0.015877369791269302,0.6072096228599548,0.2971465587615967,-0.03857240080833435,0.6085666418075562,0.2287759780883789,-0.05713998153805733,0.5342249870300293,0.48326194286346436,0.0003813717921730131,0.5615153908729553,0.3456237018108368,-0.016926079988479614,0.5752147436141968,0.2598169445991516,-0.04151596501469612,0.5842989683151245,0.19402295351028442,-0.060649849474430084,0.4799242615699768,0.48815134167671204,-0.009866667911410332,0.5077745914459229,0.3543434739112854,-0.03286970034241676,0.531090259552002,0.27758902311325073,-0.055279023945331573,0.5548897385597229,0.21427470445632935,-0.07117480039596558,0.4179489016532898,0.5108768939971924,-0.02404596470296383,0.4359314441680908,0.4067419767379761,-0.048889581114053726,0.45504534244537354,0.33973428606987,-0.06422310322523117,0.47931259870529175,0.2788853347301483,-0.07518584281206131
0.44541847705841064,0.8624870777130127,6.967183594497328e-07,0.546255886554718,0.8275781869888306,-0.03850783035159111,0.6264646649360657,0.7276386022567749,-0.048193324357271194,0.6969625353813171,0.6606602668762207,-0.05640379339456558,0.761553168296814,0.6315990686416626,-0.06450603157281876,0.6064979434013367,0.5494328141212463,-0.003786702873185277,0.6513733267784119,0.42700591683387756,-0.020208029076457024,0.6774932146072388,0.34929347038269043,-0.0415416918694973,0.6985903978347778,0.27765360474586487,-0.060255005955696106,0.553595244884491,0.5157293081283569,-0.006189889740198851,0.6025376319885254,0.3836166262626648,-0.019702568650245667,0.6371687650680542,0.2957055866718292,-0.04196195676922798,0.6643521189689636,0.2261332869529724,-0.0601620189845562,0.49323493242263794,0.5117723345756531,-0.016268383711576462,0.5385958552360535,0.379718154668808,-0.035576239228248596,0.5728005170822144,0.3038126826286316,-0.05730487033724785,0.6048000454902649,0.23928746581077576,-0.07346713542938232,0.42585915327072144,0.5298893451690674,-0.031135624274611473,0.4554021954536438,0.4280230700969696,-0.05426449701189995,0.47928011417388916,0.36425912380218506,-0.06926504522562027,0.5077491998672485,0.30528759956359863,-0.07996567338705063
0.46165433526039124,0.8787426948547363,6.051383820704359e-07,0.5584960579872131,0.8391053080558777,-0.02765626274049282,0.6349987387657166,0.7339701056480408,-0.034836988896131516,0.6958533525466919,0.6647970676422119,-0.04212536662817001,0.7566592693328857,0.6327697038650513,-0.050398845225572586,0.604899525642395,0.571626603603363,-0.00030594292911700904,0.6420964598655701,0.4587419629096985,-0.0232673529535532,0.6693195104598999,0.388057142496109,-0.04695707932114601,0.691361665725708,0.3260371685028076,-0.06579751521348953,0.5582059621810913,0.5438568592071533,-0.00888629350811243,0.6030364036560059,0.41522490978240967,-0.030871503055095673,0.6389790177345276,0.33739128708839417,-0.0566813088953495,0.670438289642334,0.27505990862846375,-0.07572650909423828,0.5016481280326843,0.5413855314254761,-0.02423214539885521,0.5457895398139954,0.4077237546443939,-0.05297702178359032,0.5830451846122742,0.3341626822948456,-0.0772162452340126,0.6184601783752441,0.2736186683177948,-0.09312434494495392,0.4347463846206665,0.5591869950294495,-0.042335394769907,0.46321216225624084,0.4559406042098999,-0.07246094942092896,0.48789888620376587,0.39181482791900635,-0.08889364451169968,0.5148411989212036,0.33234184980392456,-0.09960588812828064
0.500411868095398,0.8957259654998779,3.7327438917600375e-07,0.5908386707305908,0.8437439203262329,-0.024653077125549316,0.6619037389755249,0.7247435450553894,-0.03319773077964783,0.7183279395103455,0.6454720497131348,-0.045048970729112625,0.7760671377182007,0.6120736002922058,-0.05680863559246063,0.617382287979126,0.5419658422470093,0.001985301496461034,0.6387435793876648,0.4013960361480713,-0.02430076152086258,0.667068362236023,0.3340434432029724,-0.04891481250524521,0.6892388463020325,0.2907567024230957,-0.06702431291341782,0.5709007382392883,0.5336043238639832,-0.010754918679594994,0.5996096134185791,0.3803899884223938,-0.04521927237510681,0.6429970860481262,0.33807480335235596,-0.0765119343996048,0.6742547154426575,0.33124685287475586,-0.0965639278292656,0.5199177265167236,0.5471206903457642,-0.03026157058775425,0.5509863495826721,0.4116029441356659,-0.07036616653203964,0.6046018004417419,0.4022287428379059,-0.09658029675483704,0.6456805467605591,0.4233672618865967,-0.10951683670282364,0.461225688457489,0.5763423442840576,-0.05257964879274368,0.48553702235221863,0.4589366912841797,-0.08858605474233627,0.5223360657691956,0.40117406845092773,-0.10935691744089127,0.5545282363891602,0.37070178985595703,-0.1219707801938057
0.5063607692718506,0.8733779191970825,2.3671721294249437e-07,0.5977529287338257,0.8101552724838257,-0.01816863752901554,0.661574125289917,0.6938932538032532,-0.01849217899143696,0.710093080997467,0.6181691884994507,-0.022730661556124687,0.7514426708221436,0.569155752658844,-0.0276434738188982,0.6128965020179749,0.5214424133300781,0.012707043439149857,0.628071665763855,0.3859241008758545,-0.011549814604222775,0.6440936326980591,0.3103778064250946,-0.03471958637237549,0.6560553312301636,0.25599363446235657,-0.05103074386715889,0.565648078918457,0.5089578032493591,0.0007238304242491722,0.5852636098861694,0.36114245653152466,-0.02446012571454048,0.6142785549163818,0.2891586422920227,-0.04843083769083023,0.6366191506385803,0.25328096747398376,-0.06453175842761993,0.5168875455856323,0.5214797854423523,-0.0183872077614069,0.5344285368919373,0.37933531403541565,-0.04937180131673813,0.573683500289917,0.3311556577682495,-0.06991340219974518,0.6110823750495911,0.31812602281570435,-0.08085159957408905,0.46136564016342163,0.5503032803535461,-0.040450748056173325,0.4677339196205139,0.4384206533432007,-0.07192108035087585,0.49486351013183594,0.37676671147346497,-0.08995974063873291,0.5278640985488892,0.34114354848861694,-0.10051815956830978
0.5065957903862,0.8582876920700073,2.738902651344688e-07,0.5936239361763,0.7811543941497803,-0.018512438982725143,0.6499642133712769,0.6546791195869446,-0.02123042196035385,0.695205569267273,0.5675475001335144,-0.027828902006149292,0.7427060604095459,0.5156130790710449,-0.03496238961815834,0.5892828702926636,0.4939296841621399,0.01883205957710743,0.6003729104995728,0.366668701171875,-0.001223434112034738,0.611669659614563,0.2966405153274536,-0.025277478620409966,0.6228573322296143,0.23605060577392578,-0.04447006806731224,0.5438815951347351,0.4870903491973877,0.007553921081125736,0.5594320297241211,0.3484549820423126,-0.011973689310252666,0.5802311897277832,0.2701401114463806,-0.03820573538541794,0.6001603007316589,0.21452677249908447,-0.05910070985555649,0.49773865938186646,0.501902163028717,-0.0106861162930727,0.5129626989364624,0.36899325251579285,-0.03542613983154297,0.5426098704338074,0.30817314982414246,-0.05775630474090576,0.5724668502807617,0.2717491388320923,-0.07315553724765778,0.4466087222099304,0.5338982939720154,-0.032094284892082214,0.4548773467540741,0.4284376800060272,-0.0581076480448246,0.4744125306606293,0.3651122450828552,-0.07456647604703903,0.4981496036052704,0.318997323513031,-0.08618452399969101
0.4854780435562134,0.8622949123382568,2.5492477107036393e-07,0.5888651013374329,0.8007975816726685,-0.012362000532448292,0.6555665731430054,0.6939756870269775,-0.008155498653650284,0.7054942846298218,0.6236220598220825,-0.010394561104476452,0.7429807186126709,0.5728836059570312,-0.013024657033383846,0.6103260517120361,0.514999270439148,0.027315378189086914,0.6331229209899902,0.3847027122974396,0.004188127350062132,0.6548172831535339,0.30848973989486694,-0.020697029307484627,0.6704370379447937,0.25204798579216003,-0.03925493732094765,0.5634157657623291,0.5025508403778076,0.00941625889390707,0.5940781235694885,0.3556417226791382,-0.020500490441918373,0.6299746036529541,0.28049975633621216,-0.05113721266388893,0.6556468605995178,0.2415151298046112,-0.07260473817586899,0.5112667083740234,0.513776957988739,-0.01622435450553894,0.5397685766220093,0.38848716020584106,-0.05806766077876091,0.5870134830474854,0.3900972008705139,-0.08553532510995865,0.6248607039451599,0.4189020097255707,-0.09871207177639008,0.4509311318397522,0.5385251641273499,-0.044070400297641754,0.47280365228652954,0.4247584939002991,-0.08458442240953445,0.5053102374076843,0.3734017610549927,-0.10815944522619247,0.5380162596702576,0.34784093499183655,-0.122405506670475
0.5167711973190308,0.8562899231910706,2.481434364653978e-07,0.6124913692474365,0.7932679057121277,-0.008747870102524757,0.6720173954963684,0.6876710653305054,-0.0010402071056887507,0.7193524837493896,0.615362286567688,0.0011211091186851263,0.7594524025917053,0.5704390406608582,0.0030916938558220863,0.6206313967704773,0.5197900533676147,0.03620609641075134,0.6415783166885376,0.3993688225746155,0.024405039846897125,0.6564621925354004,0.3293982744216919,0.006079981569200754,0.6693103313446045,0.26605331897735596,-0.009574825875461102,0.576684296131134,0.5065329074859619,0.021645257249474525,0.6013195514678955,0.37190353870391846,0.003929332830011845,0.6289123296737671,0.2957792282104492,-0.020963288843631744,0.6526471376419067,0.24044743180274963,-0.03973410651087761,0.528459906578064,0.5156897902488708,0.00043307035230100155,0.5499558448791504,0.39607667922973633,-0.02753804810345173,0.5916129350662231,0.3782532811164856,-0.049152303487062454,0.6284626126289368,0.3788177967071533,-0.06082591414451599,0.4731447100639343,0.5394912362098694,-0.023044537752866745,0.49343472719192505,0.4306402802467346,-0.05174805596470833,0.5215757489204407,0.37031298875808716,-0.06898530572652817,0.5515972971916199,0.32884031534194946,-0.0800359845161438
0.5356114506721497,0.8310469388961792,3.6672346936938993e-07,0.6267848014831543,0.7709181904792786,-0.023419829085469246,0.690372109413147,0.6596483588218689,-0.02493220940232277,0.7335932850837708,0.5780275464057922,-0.028498822823166847,0.7790927290916443,0.5302609801292419,-0.03250791132450104,0.631232738494873,0.4926058053970337,0.015703042969107628,0.6430855989456177,0.3744277358055115,-0.0019276767270639539,0.6537272930145264,0.303422212600708,-0.023079587146639824,0.6617904901504517,0.24287980794906616,-0.04034235328435898,0.5844614505767822,0.47959303855895996,0.006631410215049982,0.6017531752586365,0.34805306792259216,-0.01188929844647646,0.623390793800354,0.26969918608665466,-0.03687338903546333,0.6416553258895874,0.21284928917884827,-0.056202296167612076,0.5356729030609131,0.4918827712535858,-0.009841453284025192,0.551581859588623,0.3653779625892639,-0.03728700801730156,0.5869504809379578,0.31551897525787354,-0.0599684901535511,0.6211411952972412,0.28382641077041626,-0.07409009337425232,0.4810122847557068,0.5235218405723572,-0.029621435329318047,0.4942251443862915,0.41764524579048157,-0.05950845405459404,0.5156030654907227,0.35357511043548584,-0.0780126079916954,0.5402382016181946,0.30202925205230713,-0.09009572863578796
0.5170360803604126,0.821360170841217,6.082842674004496e-07,0.6267609000205994,0.7746384143829346,-0.014668175019323826,0.6911956071853638,0.6750887036323547,-0.010074952617287636,0.7422289252281189,0.6013381481170654,-0.008956708014011383,0.7939777374267578,0.5604808926582336,-0.008145419880747795,0.6447556614875793,0.5050069689750671,0.03906228393316269,0.6737788319587708,0.382921040058136,0.03715803101658821,0.6891900897026062,0.3052418828010559,0.023607291281223297,0.6989677548408508,0.23532962799072266,0.009062441065907478,0.5934154987335205,0.4814934730529785,0.027755437418818474,0.6239932775497437,0.3487231135368347,0.02506948634982109,0.6470701694488525,0.25778546929359436,0.004920345265418291,0.6620407700538635,0.1872188150882721,-0.012431208975613117,0.5382718443870544,0.4839507043361664,0.009392009116709232,0.5669468641281128,0.34814944863319397,-0.00197249255143106,0.5916727185249329,0.27101898193359375,-0.02149846963584423,0.6149418950080872,0.20187070965766907,-0.036876074969768524,0.47789186239242554,0.5084052085876465,-0.011969098821282387,0.5000044107437134,0.4040430188179016,-0.02941538393497467,0.5189138650894165,0.3423924148082733,-0.041813384741544724,0.5435274839401245,0.28144997358322144,-0.051352791488170624
0.550388753414154,0.7908868193626404,3.1727137184134335e-07,0.6404197812080383,0.7619893550872803,-0.027310708537697792,0.710718035697937,0.6589877009391785,-0.02927970513701439,0.7578930258750916,0.5815353393554688,-0.030691860243678093,0.8069067597389221,0.5497763752937317,-0.0321529284119606,0.6678739190101624,0.4866993725299835,0.008090666495263577,0.6787511110305786,0.37527602910995483,-0.008050572127103806,0.676975429058075,0.30114859342575073,-0.02846374548971653,0.6689006090164185,0.24031537771224976,-0.04392438381910324,0.6199091076850891,0.46216416358947754,0.006117305718362331,0.6381781101226807,0.34200215339660645,-0.004749152343720198,0.6479213237762451,0.2624034285545349,-0.022829605266451836,0.6515552401542664,0.2034205198287964,-0.03674212470650673,0.5679229497909546,0.4622836709022522,-0.002663552528247237,0.5872401595115662,0.34154000878334045,-0.017862748354673386,0.6042676568031311,0.2752429246902466,-0.03195330873131752,0.619456946849823,0.22329530119895935,-0.04172087460756302,0.5080965757369995,0.4832387864589691,-0.015179382637143135,0.5227299332618713,0.387572705745697,-0.03226901963353157,0.5388681888580322,0.3312644362449646,-0.04095197468996048,0.5582117438316345,0.2822529673576355,-0.04618734121322632
0.5028347373008728,0.7783516645431519,4.076852349044202e-07,0.6074183583259583,0.7358664274215698,-0.02031967043876648,0.6789796948432922,0.6420133709907532,-0.01745213009417057,0.7371292114257812,0.5715931057929993,-0.016815418377518654,0.7911756038665771,0.5453532338142395,-0.016141274943947792,0.6433171033859253,0.468937486410141,0.036769602447748184,0.6691673994064331,0.3534992039203644,0.0317080095410347,0.6769475936889648,0.280562162399292,0.014055062085390091,0.6812168955802917,0.21262943744659424,-0.002036175923421979,0.5936123132705688,0.44302377104759216,0.031756483018398285,0.6220645308494568,0.3194308876991272,0.030168434605002403,0.6379092931747437,0.2372058928012848,0.010646117851138115,0.6456632018089294,0.17404872179031372,-0.006199493072926998,0.5387518405914307,0.4407767057418823,0.01936827041208744,0.566098690032959,0.3189147412776947,0.012443582527339458,0.5857922434806824,0.24875397980213165,-0.0018018808914348483,0.6036989092826843,0.19029632210731506,-0.013429158367216587,0.475277304649353,0.4573307931423187,0.0029552679043263197,0.4958038926124573,0.3615230321884155,-0.008015991188585758,0.5126672387123108,0.30184680223464966,-0.014709915034472942,0.5343056321144104,0.24621456861495972,-0.019721001386642456
0.48401111364364624,0.8031537532806396,4.2171353697995073e-07,0.5764275789260864,0.7659866809844971,-0.033279143273830414,0.6545974612236023,0.6659029722213745,-0.039291318506002426,0.7178006172180176,0.5974198579788208,-0.04400375112891197,0.7740539908409119,0.5764568448066711,-0.04845636710524559,0.6155844330787659,0.4829801023006439,7.260396523633972e-05,0.6406921744346619,0.36350128054618835,-0.01545204222202301,0.6506194472312927,0.2880776524543762,-0.03568677604198456,0.6555748581886292,0.2215753197669983,-0.05227586254477501,0.5643039345741272,0.4560645818710327,-0.0012823949800804257,0.5946751236915588,0.3237796425819397,-0.012043328955769539,0.6120593547821045,0.2421267330646515,-0.030494948849081993,0.6243910789489746,0.17779439687728882,-0.0454191118478775,0.5092828869819641,0.456161230802536,-0.009431350976228714,0.5373489856719971,0.325375497341156,-0.02418624982237816,0.5595731139183044,0.2512529492378235,-0.039656903594732285,0.5806410312652588,0.1907777488231659,-0.05142662674188614,0.4466158151626587,0.47669506072998047,-0.02192574366927147,0.46219533681869507,0.37712135910987854,-0.03857582062482834,0.4782618284225464,0.3134322464466095,-0.047354962676763535,0.4993497133255005,0.25512272119522095,-0.05349045991897583
0.5074518918991089,0.8328235149383545,2.772691232166835e-07,0.5968664288520813,0.796402096748352,-0.027936533093452454,0.6756601929664612,0.6908462643623352,-0.030668312683701515,0.7353575229644775,0.6209572553634644,-0.03316487744450569,0.7874437570571899,0.5961254835128784,-0.036198731511831284,0.6328805685043335,0.5001018643379211,0.003449356183409691,0.6488000154495239,0.3778778910636902,-0.011484017595648766,0.6553637981414795,0.3040490746498108,-0.030211420729756355,0.6592726707458496,0.24000990390777588,-0.04612952470779419,0.5815625190734863,0.47532233595848083,-0.001177032943814993,0.6006641387939453,0.339566707611084,-0.014658402651548386,0.6112851500511169,0.2575138211250305,-0.03502482548356056,0.6187905669212341,0.19462305307388306,-0.05109791085124016,0.527743935585022,0.47812914848327637,-0.012155547738075256,0.5461122989654541,0.34328484535217285,-0.031117815524339676,0.5648521184921265,0.26937422156333923,-0.04944418743252754,0.5844243168830872,0.21347671747207642,-0.06251844763755798,0.4667205214500427,0.5019429326057434,-0.02680721879005432,0.4757157564163208,0.39960503578186035,-0.04890851676464081,0.48666149377822876,0.3317631483078003,-0.06181580200791359,0.5036303400993347,0.27314361929893494,-0.07035523653030396
0.4976867437362671,0.8325541019439697,2.068403262001084e-07,0.5818815231323242,0.7879245281219482,-0.03050510212779045,0.6589065194129944,0.6859551668167114,-0.034098606556653976,0.724767804145813,0.618373453617096,-0.03785382956266403,0.7714002728462219,0.5840477347373962,-0.041994620114564896,0.6124853491783142,0.4965250492095947,0.009432366117835045,0.6263954639434814,0.3674684762954712,-0.0013047283282503486,0.6319272518157959,0.29471075534820557,-0.017349252477288246,0.6339271664619446,0.2302960753440857,-0.032009556889534,0.5631072521209717,0.47981196641921997,0.0051409597508609295,0.5841487646102905,0.33717572689056396,-0.004525142256170511,0.5974246859550476,0.2559437155723572,-0.02332223765552044,0.6068761348724365,0.19268721342086792,-0.03952152281999588,0.5112465620040894,0.48793816566467285,-0.006556050386279821,0.5382267832756042,0.35507312417030334,-0.02613222599029541,0.5669276714324951,0.2974047064781189,-0.04552781209349632,0.5924922823905945,0.25578388571739197,-0.05962074175477028,0.4529692828655243,0.5111947655677795,-0.022320454940199852,0.45917898416519165,0.4033937454223633,-0.047471869736909866,0.4692283272743225,0.3323020339012146,-0.06314413249492645,0.48383402824401855,0.2709026336669922,-0.07425592094659805
0.4777514934539795,0.8579904437065125,3.6252888691024054e-08,0.5735392570495605,0.7748036980628967,-0.0031783347949385643,0.6324355602264404,0.6525571346282959,0.0057094888761639595,0.6794575452804565,0.5674571394920349,0.008185421116650105,0.7203789949417114,0.5263864398002625,0.009025570005178452,0.5536805987358093,0.47453758120536804,0.04274161159992218,0.5507999658584595,0.33894598484039307,0.03307498246431351,0.545274555683136,0.26271724700927734,0.012228944338858128,0.5393849015235901,0.19535982608795166,-0.006093102507293224,0.5034391283988953,0.4710003435611725,0.026252122595906258,0.499963641166687,0.32455164194107056,0.016503673046827316,0.49937498569488525,0.23253414034843445,-0.0075767613016068935,0.4955752193927765,0.16171392798423767,-0.028299948200583458,0.45684027671813965,0.493419885635376,0.0036122675519436598,0.45022115111351013,0.35199710726737976,-0.010498511604964733,0.4532618820667267,0.266950786113739,-0.03120843507349491,0.4563823938369751,0.19646644592285156,-0.04831657558679581,0.4112854599952698,0.5342506170272827,-0.021286141127347946,0.4043768048286438,0.4232148230075836,-0.039494648575782776,0.4072253108024597,0.35046645998954773,-0.053034279495477676,0.4147998094558716,0.28594690561294556,-0.06425542384386063
0.4637761116027832,0.8321924209594727,3.4351162980783556e-07,0.5537437796592712,0.770816445350647,-0.01925625652074814,0.6200493574142456,0.6609088182449341,-0.021246546879410744,0.6715875864028931,0.5932743549346924,-0.02574610710144043,0.7201504707336426,0.5600817203521729,-0.030844898894429207,0.5719521045684814,0.4943365454673767,0.009720203466713428,0.5960748791694641,0.3686928451061249,-0.012295045889914036,0.6126819849014282,0.2965598702430725,-0.03494697064161301,0.6274604201316833,0.23770582675933838,-0.05151233822107315,0.525831401348114,0.47880950570106506,-0.00011457719665486366,0.5540364980697632,0.3434073328971863,-0.019836492836475372,0.5765369534492493,0.26607510447502136,-0.04122714325785637,0.5964844822883606,0.21423739194869995,-0.05607374384999275,0.4761180579662323,0.4872010052204132,-0.016382882371544838,0.5029220581054688,0.3551231026649475,-0.03996141254901886,0.5338626503944397,0.2878818213939667,-0.056646209210157394,0.5645154118537903,0.24369898438453674,-0.06656379252672195,0.4178664982318878,0.5137197971343994,-0.03562828525900841,0.42758727073669434,0.40939855575561523,-0.06062712147831917,0.44583582878112793,0.3430041968822479,-0.07285529375076294,0.4687890410423279,0.29116952419281006,-0.07952284812927246
0.45139646530151367,0.8047409057617188,5.337785182746302e-07,0.5595173835754395,0.7568881511688232,-0.02238588035106659,0.6280390620231628,0.6532089710235596,-0.019596854224801064,0.6867775321006775,0.5800625085830688,-0.018398568034172058,0.7420726418495178,0.5508224368095398,-0.016908682882785797,0.5847755074501038,0.48689931631088257,0.034298114478588104,0.6118481755256653,0.35867008566856384,0.0350649319589138,0.6244443655014038,0.28024616837501526,0.023526273667812347,0.6309497952461243,0.21076339483261108,0.01094997487962246,0.5319963693618774,0.46380606293678284,0.029338041320443153,0.5620520114898682,0.3214041292667389,0.03329477459192276,0.5826510190963745,0.232721209526062,0.01814030297100544,0.594165563583374,0.16417920589447021,0.0039066108874976635,0.4764031171798706,0.46572935581207275,0.016704604029655457,0.5039026141166687,0.32551610469818115,0.01224149577319622,0.5258510112762451,0.2510932683944702,-0.00389528414234519,0.544922411441803,0.18645817041397095,-0.017567100003361702,0.4161381125450134,0.48725953698158264,-3.505276617943309e-05,0.43293407559394836,0.381369948387146,-0.011064047925174236,0.4481582045555115,0.32082462310791016,-0.02053326927125454,0.46850380301475525,0.2637600302696228,-0.028481559827923775
0.4771479368209839,0.8011760711669922,6.673523103017942e-07,0.5798739194869995,0.7825450897216797,-0.0347687266767025,0.6596084237098694,0.6962898969650269,-0.040237948298454285,0.7239313721656799,0.6364575028419495,-0.04396034777164459,0.7839020490646362,0.6195130348205566,-0.04776015877723694,0.6382396817207336,0.5233665704727173,0.006125228945165873,0.6774198412895203,0.41075050830841064,-0.005218498408794403,0.7006060481071472,0.3336161673069,-0.023620035499334335,0.7168727517127991,0.2644428610801697,-0.0406574010848999,0.5898424386978149,0.4873499274253845,0.00413513695821166,0.6325405240058899,0.36424314975738525,-0.006150711793452501,0.6626387238502502,0.2789667546749115,-0.028219636529684067,0.6834725141525269,0.2113243043422699,-0.04602626711130142,0.5325432419776917,0.47751858830451965,-0.005269227083772421,0.5751336812973022,0.35347461700439453,-0.023104578256607056,0.6044706106185913,0.28350675106048584,-0.04432025924324989,0.6313471794128418,0.22037187218666077,-0.05959838256239891,0.46671390533447266,0.4876154065132141,-0.01880260556936264,0.499845027923584,0.3918021619319916,-0.040690645575523376,0.5221391320228577,0.33643245697021484,-0.05447923764586449,0.5493885278701782,0.2806191146373749,-0.0640684962272644
0.48359161615371704,0.8024433851242065,3.3033418844752305e-07,0.5711771249771118,0.7728513479232788,-0.024829600006341934,0.649990439414978,0.6756868362426758,-0.025131572037935257,0.7096289992332458,0.6112532019615173,-0.025585142895579338,0.7577923536300659,0.5858981609344482,-0.026493001729249954,0.6154037117958069,0.48610568046569824,0.005111208651214838,0.6486483812332153,0.3720201253890991,-0.0070530809462070465,0.664275586605072,0.29987791180610657,-0.02433200739324093,0.674616813659668,0.23606589436531067,-0.04023856669664383,0.5632661581039429,0.4571320712566376,-0.00043115473818033934,0.5804968476295471,0.32143494486808777,-0.015005005523562431,0.5914161205291748,0.23621320724487305,-0.03829321637749672,0.5987979173660278,0.16967308521270752,-0.05661579594016075,0.5092446208000183,0.4580391049385071,-0.011479136534035206,0.5168623328208923,0.3221364915370941,-0.03197427839040756,0.5332423448562622,0.24160516262054443,-0.055095020681619644,0.5495926141738892,0.1762709617614746,-0.07200103998184204,0.45227548480033875,0.4819346070289612,-0.02544487826526165,0.4632057547569275,0.3785471022129059,-0.048478323966264725,0.4777989387512207,0.3140712380409241,-0.06416966766119003,0.49769362807273865,0.2582845091819763,-0.07543843239545822
0.43134605884552,0.8584952354431152,7.490875759685878e-07,0.5469473600387573,0.8331899642944336,-0.04254155978560448,0.6350540518760681,0.7484441995620728,-0.052808456122875214,0.7086946368217468,0.6915323138237,-0.060957130044698715,0.774175226688385,0.6767082214355469,-0.068539559841156,0.6108509302139282,0.5554280877113342,0.0089120427146554,0.6480454802513123,0.4290722608566284,0.00204014522023499,0.6689757108688354,0.34421807527542114,-0.015109959989786148,0.6826617121696472,0.2704671323299408,-0.03199881315231323,0.5548146963119507,0.5196128487586975,0.009752007201313972,0.5963894724845886,0.3820321559906006,0.007656121160835028,0.6243901252746582,0.2884769141674042,-0.010760443285107613,0.6443339586257935,0.21571335196495056,-0.027985980734229088,0.49346980452537537,0.510499119758606,0.0015641874633729458,0.5360093712806702,0.37533682584762573,-0.007779777981340885,0.5661925077438354,0.2984209954738617,-0.02602298930287361,0.5937225222587585,0.22866714000701904,-0.04155774787068367,0.42583167552948,0.5196741223335266,-0.012493201531469822,0.46103784441947937,0.41839170455932617,-0.027581345289945602,0.4850248396396637,0.35870087146759033,-0.039152346551418304,0.5128706693649292,0.29956623911857605,-0.0489104762673378
0.43537047505378723,0.85640549659729,3.8094108845143637e-07,0.532113790512085,0.8278740644454956,-0.038052238523960114,0.6232492327690125,0.7308629155158997,-0.044524163007736206,0.6965532302856445,0.6665891408920288,-0.04932660609483719,0.7592088580131531,0.6528283953666687,-0.0542927160859108,0.5975850820541382,0.5356000661849976,0.004602028056979179,0.6315961480140686,0.41481825709342957,-0.01133772637695074,0.646930992603302,0.3370469808578491,-0.03476373478770256,0.6548070907592773,0.26879772543907166,-0.05452483519911766,0.5446861982345581,0.5033029913902283,0.004187036771327257,0.582095742225647,0.3737391531467438,-0.009843657724559307,0.6033400297164917,0.29147714376449585,-0.03441397845745087,0.6150890588760376,0.22918692231178284,-0.053639475256204605,0.48631051182746887,0.4981735050678253,-0.0040341150015592575,0.5247503519058228,0.3702026605606079,-0.022509053349494934,0.5518431663513184,0.29683685302734375,-0.043156545609235764,0.5754196643829346,0.23649153113365173,-0.058442555367946625,0.4191974997520447,0.5129668712615967,-0.01704300567507744,0.4436495900154114,0.41527631878852844,-0.03813091292977333,0.46664756536483765,0.35618895292282104,-0.05088704079389572,0.49480000138282776,0.30264317989349365,-0.05995923653244972
0.4679240584373474,0.8241841793060303,4.0077594576359843e-07,0.5643736124038696,0.7880004644393921,-0.02608581818640232,0.640081524848938,0.6926240921020508,-0.026388173922896385,0.7009178996086121,0.6268059015274048,-0.026628796011209488,0.7509787082672119,0.5983118414878845,-0.027246033772826195,0.609406054019928,0.5188136100769043,0.007896502502262592,0.6411172747612,0.40008801221847534,-0.003543565748259425,0.6555542349815369,0.32392022013664246,-0.02138298563659191,0.6658951044082642,0.2542644143104553,-0.037075962871313095,0.5594720840454102,0.4888114333152771,0.004019014071673155,0.5934198498725891,0.3588062524795532,-0.005224417429417372,0.6149582266807556,0.2717335820198059,-0.024743836373090744,0.6296759843826294,0.20059412717819214,-0.04049168899655342,0.5045638680458069,0.4872828423976898,-0.005949719808995724,0.5362648963928223,0.3568078577518463,-0.020660635083913803,0.5598235726356506,0.28194674849510193,-0.03921237960457802,0.5808884501457214,0.21582800149917603,-0.052825991064310074,0.4423554539680481,0.5064678192138672,-0.019433099776506424,0.4637258052825928,0.40740644931793213,-0.038005612790584564,0.48361504077911377,0.34899425506591797,-0.04954829812049866,0.50789874792099,0.29448822140693665,-0.05731262266635895
0.4840478301048279,0.8208388090133667,2.151300577679649e-07,0.5740566849708557,0.7587308883666992,-0.016195867210626602,0.6364521384239197,0.6454030275344849,-0.01715383492410183,0.6888723373413086,0.5706610679626465,-0.022215673699975014,0.7415034770965576,0.5423400402069092,-0.028260542079806328,0.5863745808601379,0.47756120562553406,0.020083611831068993,0.5983667969703674,0.3503415286540985,0.0003086369833908975,0.6048498749732971,0.2797516882419586,-0.022451870143413544,0.6101077198982239,0.2276318371295929,-0.039244163781404495,0.5389862656593323,0.46317991614341736,0.009456264786422253,0.5522961020469666,0.32406020164489746,-0.007847503758966923,0.5697615742683411,0.24563948810100555,-0.030087824910879135,0.5827571153640747,0.20303845405578613,-0.046538688242435455,0.49027249217033386,0.4744093120098114,-0.008011828176677227,0.5019943714141846,0.3372892439365387,-0.030688008293509483,0.5258181691169739,0.26946955919265747,-0.04919372498989105,0.5489827394485474,0.235531747341156,-0.06058549880981445,0.43712666630744934,0.5040451884269714,-0.02828139439225197,0.44473230838775635,0.3968399465084076,-0.05206844210624695,0.4649076461791992,0.3350730240345001,-0.06553028523921967,0.4889281988143921,0.29537802934646606,-0.07351460307836533
0.48476988077163696,0.8239486217498779,3.302216953215975e-07,0.5800377130508423,0.7815312147140503,-0.025392385199666023,0.6505818367004395,0.675539493560791,-0.025481361895799637,0.7072319388389587,0.5969398021697998,-0.025611501187086105,0.758010745048523,0.564775288105011,-0.025699781253933907,0.6089749932289124,0.4971063733100891,0.011438393965363503,0.6280297040939331,0.37307965755462646,0.0020067791920155287,0.6332032680511475,0.29423969984054565,-0.015117214061319828,0.6346448063850403,0.22345629334449768,-0.030470196157693863,0.5564091205596924,0.4723595976829529,0.008374777622520924,0.5774003863334656,0.3343427777290344,0.002390544628724456,0.590029239654541,0.2457181215286255,-0.015486516989767551,0.5966404676437378,0.17432379722595215,-0.030869660899043083,0.5022047162055969,0.4759101867675781,-0.0008477902738377452,0.5218169689178467,0.34184327721595764,-0.011763496324419975,0.5382046699523926,0.2664210796356201,-0.02822820469737053,0.5520115494728088,0.20115551352500916,-0.04114063084125519,0.4435388445854187,0.5010651350021362,-0.013768515549600124,0.45736896991729736,0.3979249596595764,-0.028143756091594696,0.4706459045410156,0.3354150950908661,-0.03764885663986206,0.4875190556049347,0.27733248472213745,-0.044615719467401505
0.48927581310272217,0.8213741779327393,2.9858384209546784e-07,0.5778802633285522,0.7885758876800537,-0.03196798264980316,0.6612789630889893,0.6947325468063354,-0.03524541109800339,0.7283222079277039,0.6326627135276794,-0.03808622807264328,0.7836519479751587,0.6150742769241333,-0.03986692056059837,0.6172643303871155,0.5038504600524902,0.0056028650142252445,0.6368682980537415,0.38132309913635254,-0.005704828072339296,0.6501187682151794,0.31230172514915466,-0.020813507959246635,0.6622835993766785,0.2557918429374695,-0.03359159082174301,0.5705100297927856,0.48388543725013733,0.003454865887761116,0.5932243466377258,0.3435586094856262,-0.009211231023073196,0.6174623370170593,0.2710171639919281,-0.02809089981019497,0.6374994516372681,0.22492316365242004,-0.04324142262339592,0.5201455354690552,0.48562684655189514,-0.00572940381243825,0.5463287234306335,0.36919182538986206,-0.029740972444415092,0.5862393379211426,0.36327987909317017,-0.046544399112463,0.618681788444519,0.3786888122558594,-0.05522850528359413,0.464299738407135,0.49994760751724243,-0.019056016579270363,0.490264892578125,0.3961724042892456,-0.04296203702688217,0.517554521560669,0.3438270092010498,-0.05565483868122101,0.5436217188835144,0.31030237674713135,-0.06340319663286209
0.4383494555950165,0.8603289127349854,7.380185707006603e-07,0.5513380765914917,0.8350131511688232,-0.04142085835337639,0.6341806650161743,0.755049467086792,-0.051443200558423996,0.7021306753158569,0.697590708732605,-0.05971679836511612,0.7640557289123535,0.6699503660202026,-0.0673161968588829,0.6104925870895386,0.5617800951004028,0.005581030156463385,0.6544703245162964,0.43203285336494446,-0.0027399109676480293,0.6795974969863892,0.34951335191726685,-0.019076209515333176,0.6949998140335083,0.27739739418029785,-0.03430764377117157,0.5553396940231323,0.5252331495285034,0.006019874010235071,0.6018236875534058,0.3790746331214905,0.002737267641350627,0.6309279203414917,0.2860214412212372,-0.014443383552134037,0.6485520601272583,0.2140452265739441,-0.029789961874485016,0.49602383375167847,0.5167543292045593,-0.002314602956175804,0.5338097810745239,0.3737404942512512,-0.01254663709551096,0.5618815422058105,0.29654133319854736,-0.029797397553920746,0.5863286256790161,0.23017707467079163,-0.04378015547990799,0.4323042929172516,0.5254378914833069,-0.016427909955382347,0.46490299701690674,0.41810882091522217,-0.03294394537806511,0.4878597855567932,0.3563082814216614,-0.04496659338474274,0.5159815549850464,0.29841241240501404,-0.05415397882461548
0.4889712333679199,0.8675177097320557,5.330458066055144e-07,0.5768346190452576,0.7995985746383667,-0.0274793803691864,0.641158938407898,0.672713041305542,-0.03298168256878853,0.6938747763633728,0.5868648886680603,-0.039862118661403656,0.7474213242530823,0.5415929555892944,-0.04643196985125542,0.5837731957435608,0.5033929347991943,0.008898882195353508,0.6120896339416504,0.3772040605545044,-0.008357208222150803,0.6322131156921387,0.3061330318450928,-0.02925140969455242,0.6491885185241699,0.24299806356430054,-0.04665083810687065,0.5300707817077637,0.4910891056060791,0.001534208538942039,0.5535047650337219,0.3514779806137085,-0.014405831694602966,0.5748805403709412,0.2686487138271332,-0.03694095090031624,0.5939763188362122,0.20555806159973145,-0.05481564998626709,0.47452035546302795,0.5046191811561584,-0.01310417614877224,0.49654620885849,0.36719709634780884,-0.03578212112188339,0.5233221650123596,0.28949108719825745,-0.05697862431406975,0.5492138862609863,0.22803738713264465,-0.0721527561545372,0.41515201330184937,0.5408594012260437,-0.03135061264038086,0.4214075803756714,0.4335702359676361,-0.05595724284648895,0.4304898977279663,0.36347466707229614,-0.07016687095165253,0.44336003065109253,0.30088645219802856,-0.0802295133471489
0.49643993377685547,0.8597323894500732,3.829716774816916e-07,0.5813022255897522,0.7941975593566895,-0.02413756027817726,0.6416499614715576,0.6752426028251648,-0.024349858984351158,0.6869101524353027,0.5939587950706482,-0.02624109946191311,0.7270399332046509,0.5405421853065491,-0.027675962075591087,0.566278874874115,0.5110288262367249,0.012895112857222557,0.5781062245368958,0.39213716983795166,-5.039791722083464e-05,0.587425172328949,0.32046598196029663,-0.016916660591959953,0.5955454111099243,0.25823521614074707,-0.030872683972120285,0.5198364853858948,0.5044441819190979,0.00530659407377243,0.5353823900222778,0.3707399070262909,-0.009649367071688175,0.5572044253349304,0.2921968400478363,-0.03121681697666645,0.578782320022583,0.23184624314308167,-0.0480644553899765,0.4718894362449646,0.5205529928207397,-0.008772870525717735,0.487394243478775,0.39768385887145996,-0.034411657601594925,0.5317964553833008,0.387016236782074,-0.05143344774842262,0.5733153820037842,0.39353758096694946,-0.06060193106532097,0.4197552800178528,0.5512716770172119,-0.02636234275996685,0.4230949282646179,0.43694594502449036,-0.05300070717930794,0.4464476704597473,0.3789212107658386,-0.06662546843290329,0.4762740731239319,0.33970579504966736,-0.07531363517045975
0.4757741093635559,0.8661060333251953,6.358071686918265e-07,0.585530698299408,0.8244717121124268,-0.028595393523573875,0.6575527787208557,0.725456953048706,-0.03301560878753662,0.7185196876525879,0.6546987891197205,-0.038311515003442764,0.7774060368537903,0.6234483122825623,-0.04407520219683647,0.6198949217796326,0.5525044798851013,0.01890779472887516,0.650200605392456,0.42459729313850403,0.012505622580647469,0.6660486459732056,0.3440042734146118,-0.004254811443388462,0.6744027733802795,0.27121907472610474,-0.02071993425488472,0.5646724700927734,0.5266934633255005,0.01267474889755249,0.5986248254776001,0.38732120394706726,0.009601539932191372,0.6207042932510376,0.29516276717185974,-0.0096282372251153,0.6338708400726318,0.22283104062080383,-0.027122268453240395,0.5049780011177063,0.525883138179779,-0.0013852177653461695,0.5381026864051819,0.3889186978340149,-0.011687230318784714,0.5614075660705566,0.313845157623291,-0.029412727802991867,0.5823801159858704,0.24627825617790222,-0.04443185031414032,0.4404914975166321,0.5426693558692932,-0.019962722435593605,0.4653031527996063,0.43721723556518555,-0.03664649277925491,0.48299041390419006,0.3772542476654053,-0.047873593866825104,0.5065041184425354,0.3182840347290039,-0.05697982385754585
0.47454774379730225,0.863442063331604,5.099379336570564e-07,0.5744855403900146,0.83152174949646,-0.03728467598557472,0.6535258889198303,0.7325563430786133,-0.0441896952688694,0.7196662425994873,0.6610665321350098,-0.04909014701843262,0.7791762351989746,0.6365870833396912,-0.054032519459724426,0.6208325624465942,0.5539743304252625,0.003035535104572773,0.6478770971298218,0.43156301975250244,-0.007849509827792645,0.6602863669395447,0.35272109508514404,-0.026812957599759102,0.6675974130630493,0.2804724872112274,-0.04449872300028801,0.5672327280044556,0.524634838104248,0.002930643502622843,0.597878098487854,0.3908206820487976,-0.004907244350761175,0.6172724962234497,0.3033243417739868,-0.025281649082899094,0.6293938159942627,0.23379775881767273,-0.04289795830845833,0.5090592503547668,0.5228456258773804,-0.004651226103305817,0.5392476916313171,0.3916794955730438,-0.019076373428106308,0.5620898008346558,0.31794989109039307,-0.03865591436624527,0.5827398300170898,0.25259608030319214,-0.05401226878166199,0.4452305734157562,0.5405205488204956,-0.01689976640045643,0.4689285159111023,0.44054165482521057,-0.03534577041864395,0.4887816309928894,0.38339048624038696,-0.04783961921930313,0.5131442546844482,0.3286657929420471,-0.0573795847594738
0.48316606879234314,0.8437069654464722,2.4743357585066406e-07,0.5698299407958984,0.7781997919082642,-0.018771255388855934,0.626884937286377,0.6540296077728271,-0.01556229218840599,0.668728232383728,0.5679410099983215,-0.014980511739850044,0.7134444713592529,0.5310587882995605,-0.014868956059217453,0.5409935712814331,0.48645442724227905,0.02493101730942726,0.534478485584259,0.3649407625198364,0.013134143315255642,0.5313737988471985,0.29070284962654114,-0.005063942633569241,0.5291705131530762,0.22956007719039917,-0.019924726337194443,0.4954218566417694,0.4804553985595703,0.017359385266900063,0.4918442964553833,0.345724880695343,0.008010470308363438,0.49493297934532166,0.26112687587738037,-0.01104822289198637,0.4993376135826111,0.20011451840400696,-0.026175007224082947,0.45182108879089355,0.49723437428474426,0.002943808678537607,0.446582555770874,0.3670303225517273,-0.014145709574222565,0.4608592987060547,0.29718998074531555,-0.030579201877117157,0.4783141314983368,0.2488955557346344,-0.04114829748868942,0.4064376950263977,0.5325895547866821,-0.014869573526084423,0.40609198808670044,0.4209166169166565,-0.03411438316106796,0.41828885674476624,0.35523074865341187,-0.04448571428656578,0.43582218885421753,0.3077472448348999,-0.050761040300130844
0.5093694925308228,0.8589568138122559,1.7878194569220796e-07,0.6045379638671875,0.7821687459945679,-0.014498555101454258,0.6604928374290466,0.661598265171051,-0.01456394512206316,0.7076869606971741,0.5721147060394287,-0.020465733483433723,0.7547978758811951,0.5312834978103638,-0.025753749534487724,0.5956038236618042,0.4716455936431885,0.03627277910709381,0.5913207530975342,0.3264828324317932,0.020210308954119682,0.597949206829071,0.2577781677246094,-0.0024660348426550627,0.6037267446517944,0.21460595726966858,-0.018815593793988228,0.5447605848312378,0.46977072954177856,0.024905113503336906,0.5423422455787659,0.3127599358558655,0.005540089216083288,0.5652996301651001,0.25077271461486816,-0.022056812420487404,0.5846613049507141,0.23165389895439148,-0.0413440503180027,0.49804404377937317,0.4873203635215759,0.006147319450974464,0.4978131949901581,0.34962642192840576,-0.018500182777643204,0.5354652404785156,0.3150705099105835,-0.04261530935764313,0.5696701407432556,0.32350340485572815,-0.056437790393829346,0.4482659697532654,0.5189251899719238,-0.0156560018658638,0.45310521125793457,0.4058724045753479,-0.03825315088033676,0.47647199034690857,0.3445678949356079,-0.05419640615582466,0.504118025302887,0.3150739371776581,-0.06429102271795273
0.4931601285934448,0.835054874420166,3.660236416180851e-07,0.585334062576294,0.7708748579025269,-0.03090151958167553,0.6396507620811462,0.6514911651611328,-0.0354711152613163,0.6773670315742493,0.5509514212608337,-0.041103873401880264,0.7198748588562012,0.4863449037075043,-0.04661893472075462,0.6023673415184021,0.49408280849456787,0.019082313403487206,0.6144512295722961,0.3774874806404114,0.0035991338081657887,0.6190366148948669,0.30292341113090515,-0.018259158357977867,0.6228452920913696,0.23460060358047485,-0.03652491047978401,0.5536502599716187,0.476362943649292,0.016107378527522087,0.570299506187439,0.3461170792579651,0.0036127360071986914,0.5821998119354248,0.26265189051628113,-0.017786603420972824,0.5930361747741699,0.19647833704948425,-0.03486311435699463,0.5010838508605957,0.4846627116203308,0.00473761186003685,0.5167312622070312,0.3538166880607605,-0.01473799254745245,0.5342860221862793,0.28256532549858093,-0.032463062554597855,0.5520566701889038,0.22644510865211487,-0.04445187747478485,0.4412485361099243,0.5140103101730347,-0.010879779234528542,0.4530966877937317,0.4133470058441162,-0.03264642134308815,0.4718773365020752,0.3539353013038635,-0.044887423515319824,0.49419906735420227,0.30428433418273926,-0.05281807482242584
0.4414263963699341,0.8168615102767944,3.761998925710941e-07,0.5404465794563293,0.7585744857788086,-0.021132295951247215,0.5933435559272766,0.6361199617385864,-0.015725331380963326,0.6282188892364502,0.5299789905548096,-0.01142258569598198,0.6721357703208923,0.4750553071498871,-0.006164418067783117,0.5672761797904968,0.49241167306900024,0.034577298909425735,0.5886528491973877,0.3720587491989136,0.032336704432964325,0.5944430828094482,0.29904332756996155,0.01910955272614956,0.5981748104095459,0.23159575462341309,0.006657021585851908,0.5185295343399048,0.4683407247066498,0.0328008197247982,0.5404438972473145,0.33575138449668884,0.03606192395091057,0.5532450675964355,0.2537682354450226,0.022633835673332214,0.559809148311615,0.18848386406898499,0.010509509593248367,0.4664302170276642,0.470172643661499,0.023747297003865242,0.4849129021167755,0.3409324288368225,0.020043175667524338,0.5011914968490601,0.27365928888320923,0.008242546580731869,0.5159563422203064,0.2140132188796997,-0.0011139289708808064,0.4073941111564636,0.4929434657096863,0.010892692022025585,0.4221669137477875,0.39469408988952637,0.0033638908062130213,0.43749672174453735,0.3410780429840088,-0.0015545753994956613,0.4563124477863312,0.29112309217453003,-0.005075804423540831
0.4185420870780945,0.8379714488983154,6.59860234009102e-07,0.5355327129364014,0.7814245223999023,-0.011173386126756668,0.5860254168510437,0.6683704853057861,-0.004789990838617086,0.6196103692054749,0.5735715627670288,-0.003870984772220254,0.6684442758560181,0.5128569602966309,-0.002855056431144476,0.5599002242088318,0.5345485210418701,0.060916781425476074,0.58846116065979,0.4090465307235718,0.06827325373888016,0.6032323837280273,0.3313157558441162,0.05855654925107956,0.612783670425415,0.2589627206325531,0.04580017551779747,0.5101163387298584,0.507837176322937,0.04969712719321251,0.5408306121826172,0.37097883224487305,0.05966229364275932,0.561536967754364,0.2807738184928894,0.04377291351556778,0.573476254940033,0.21230223774909973,0.02754046767950058,0.4547673463821411,0.5038930773735046,0.030362781137228012,0.4828437268733978,0.3698295056819916,0.03147168084979057,0.5058107972145081,0.2986997961997986,0.01733234152197838,0.5276908874511719,0.23333439230918884,0.003585466183722019,0.39226412773132324,0.5172059535980225,0.007278428412973881,0.41919803619384766,0.4166918098926544,0.0015719596995040774,0.4378713071346283,0.36102718114852905,-0.005034273024648428,0.46122586727142334,0.3056741952896118,-0.012323365546762943
0.45034530758857727,0.8612715601921082,3.050892019018647e-07,0.5372857451438904,0.810674786567688,-0.030947919934988022,0.5926505923271179,0.6876277923583984,-0.03478186950087547,0.6294920444488525,0.587031900882721,-0.038456499576568604,0.6707610487937927,0.5251867175102234,-0.0418579988181591,0.5655403733253479,0.523958683013916,0.010998076759278774,0.5830248594284058,0.3989162743091583,-0.008055700920522213,0.5879512429237366,0.32278740406036377,-0.0313427560031414,0.5881142616271973,0.2579663097858429,-0.04903925582766533,0.516059160232544,0.5023995637893677,0.00884316023439169,0.5379132628440857,0.3695600926876068,-0.006945223081856966,0.5522833466529846,0.2869330644607544,-0.029609644785523415,0.559873104095459,0.22912630438804626,-0.0461304746568203,0.4630871117115021,0.5076789855957031,-0.001037236419506371,0.4835812747478485,0.3771233558654785,-0.02053067460656166,0.5056732296943665,0.3059227466583252,-0.038127195090055466,0.5249651074409485,0.2555248737335205,-0.049535058438777924,0.4022369980812073,0.5357521772384644,-0.015031913295388222,0.4144129157066345,0.43579190969467163,-0.036145612597465515,0.43272683024406433,0.3765392005443573,-0.04759025573730469,0.45491400361061096,0.32926279306411743,-0.054293129593133926
0.43997830152511597,0.8597910404205322,6.429598897739197e-07,0.559643030166626,0.8047758340835571,-0.014306464232504368,0.6104589700698853,0.6989728212356567,-0.014625528827309608,0.6401147246360779,0.6073482632637024,-0.020492833107709885,0.6858771443367004,0.5421425700187683,-0.02711004950106144,0.5868614315986633,0.5599058270454407,0.043311599642038345,0.6190905570983887,0.4317084848880768,0.039165668189525604,0.6358219981193542,0.35136839747428894,0.021930109709501266,0.6451051831245422,0.2771094739437103,0.004804033320397139,0.5339011549949646,0.5343553423881531,0.027621440589427948,0.5706252455711365,0.39086323976516724,0.026489049196243286,0.5950042605400085,0.29760822653770447,0.004688422195613384,0.608481228351593,0.22647467255592346,-0.01571253314614296,0.477108895778656,0.529930055141449,0.0037161975633352995,0.5124832987785339,0.38974952697753906,-0.004470535553991795,0.5384688377380371,0.3145764470100403,-0.02328142337501049,0.5617105960845947,0.24616864323616028,-0.04044323042035103,0.4153081178665161,0.5393002033233643,-0.023886382579803467,0.44458261132240295,0.4358252286911011,-0.037507813423871994,0.4652189016342163,0.3762204647064209,-0.047939956188201904,0.4898776113986969,0.31827080249786377,-0.058154795318841934
0.4375937581062317,0.8619411587715149,4.1475078660369036e-07,0.5448092222213745,0.8097807765007019,-0.01511409506201744,0.5995661616325378,0.6927886009216309,-0.010695102624595165,0.6343675851821899,0.5944682955741882,-0.009249964728951454,0.6757086515426636,0.5300899744033813,-0.008164990693330765,0.5731955766677856,0.5462290048599243,0.03165081515908241,0.6012487411499023,0.4161858856678009,0.025601079687476158,0.6133487224578857,0.3376733064651489,0.010348386131227016,0.6211438775062561,0.26557791233062744,-0.004031491931527853,0.5232076644897461,0.5208936333656311,0.021437576040625572,0.553390622138977,0.3752233684062958,0.018748218193650246,0.5740966200828552,0.2841237783432007,0.0010559608926996589,0.5857887268066406,0.21291464567184448,-0.014635593630373478,0.46744704246520996,0.5216714143753052,0.004263687878847122,0.49581068754196167,0.377660870552063,-0.006268714088946581,0.5194501876831055,0.302180677652359,-0.023492444306612015,0.5406118631362915,0.2365591824054718,-0.03706790506839752,0.4064936339855194,0.5440232157707214,-0.015797363594174385,0.4270118772983551,0.4346742033958435,-0.03121591918170452,0.44461387395858765,0.37480247020721436,-0.041222427040338516,0.4669382572174072,0.31875813007354736,-0.04896117374300957
0.4408106207847595,0.8618981838226318,4.111952023322374e-07,0.5526111721992493,0.795496940612793,-0.010721536353230476,0.5989273190498352,0.6751002073287964,-0.004231758415699005,0.6255209445953369,0.5765215158462524,-0.0025649727322161198,0.6658502817153931,0.513887345790863,-0.0019317729165777564,0.5623878836631775,0.5361895561218262,0.04228556528687477,0.5812869668006897,0.40104323625564575,0.03976092115044594,0.5903241038322449,0.321178674697876,0.024768246337771416,0.5951029062271118,0.24669814109802246,0.008871725760400295,0.510570764541626,0.5182236433029175,0.02805144526064396,0.5309590697288513,0.36725640296936035,0.02717904932796955,0.5468615889549255,0.2714637517929077,0.006216610781848431,0.5534873604774475,0.19858664274215698,-0.013619772158563137,0.45586949586868286,0.5243057012557983,0.006504562683403492,0.4751683175563812,0.37836363911628723,-0.0028824699111282825,0.4930477738380432,0.29911941289901733,-0.024261675775051117,0.5096180438995361,0.2281341850757599,-0.042682576924562454,0.3979833126068115,0.5479501485824585,-0.017788421362638474,0.4129432439804077,0.4393458366394043,-0.03417644277215004,0.42674368619918823,0.3776134252548218,-0.048141997307538986,0.4461055099964142,0.3175177276134491,-0.060492824763059616
0.4595516324043274,0.8495173454284668,2.978203497150389e-07,0.5578864216804504,0.7910211086273193,-0.01701461710035801,0.6040374040603638,0.6673234105110168,-0.013587099500000477,0.6269605159759521,0.56232750415802,-0.012463177554309368,0.6576393246650696,0.49784889817237854,-0.012069451622664928,0.5657460689544678,0.5161929726600647,0.022380702197551727,0.5777369141578674,0.38578274846076965,0.01348023023456335,0.5796916484832764,0.3064255714416504,-0.003467229660600424,0.5786595940589905,0.23345011472702026,-0.019371436908841133,0.5137832164764404,0.49933886528015137,0.012532476335763931,0.5253391265869141,0.3512101173400879,0.005758705083280802,0.5352880358695984,0.25822511315345764,-0.014183972030878067,0.5382020473480225,0.18556350469589233,-0.03156913071870804,0.4604383409023285,0.5102179050445557,-0.003626225283369422,0.47091925144195557,0.36484456062316895,-0.017670465633273125,0.484429270029068,0.28467780351638794,-0.036908335983753204,0.4959491491317749,0.21480855345726013,-0.05177847295999527,0.4040595293045044,0.5434314608573914,-0.022499442100524902,0.41138821840286255,0.43168962001800537,-0.04140743985772133,0.42363232374191284,0.3687674403190613,-0.05381561443209648,0.4414305090904236,0.3094756007194519,-0.06313356012105942
0.47185829281806946,0.8529998064041138,3.418545304612053e-07,0.5748870372772217,0.7762413024902344,-0.005325373262166977,0.6121311187744141,0.6535936594009399,0.0019058575853705406,0.6311171650886536,0.552920937538147,0.0032035864423960447,0.6631812453269958,0.48536890745162964,0.0033516313415020704,0.5653513073921204,0.5119185447692871,0.043489325791597366,0.573631227016449,0.3791491985321045,0.03939058259129524,0.5744917988777161,0.299703449010849,0.024321192875504494,0.5702108144760132,0.22620248794555664,0.009274609386920929,0.5121091604232788,0.5003423094749451,0.02660450153052807,0.5237331986427307,0.3489442467689514,0.025091880932450294,0.5321146249771118,0.25352978706359863,0.0063793654553592205,0.5330103635787964,0.17979216575622559,-0.010910600423812866,0.45962491631507874,0.5132903456687927,0.0028952020220458508,0.4685348868370056,0.3666699528694153,-0.006183597259223461,0.4802612066268921,0.28314411640167236,-0.02470332942903042,0.4910335838794708,0.2089356780052185,-0.040666937828063965,0.4064329266548157,0.5461704730987549,-0.02323685586452484,0.41290995478630066,0.4347497224807739,-0.03903946280479431,0.42260193824768066,0.3693528175354004,-0.05112658441066742,0.43834972381591797,0.3051850199699402,-0.061521079391241074
0.2106039822101593,0.6894277930259705,4.515429452567332e-07,0.27732494473457336,0.6354480981826782,-0.02794594131410122,0.31828171014785767,0.5240878462791443,-0.035356875509023666,0.3510500192642212,0.4351368546485901,-0.04273032397031784,0.39387238025665283,0.3825959861278534,-0.05022725090384483,0.2875962555408478,0.3912425935268402,0.0010305849136784673,0.30573704838752747,0.28260722756385803,-0.019769875332713127,0.31981632113456726,0.2154466211795807,-0.040911681950092316,0.3343544900417328,0.15832971036434174,-0.05722702294588089,0.24692149460315704,0.378022700548172,-0.0025524303782731295,0.2676279544830322,0.2588006258010864,-0.02209765836596489,0.29045164585113525,0.1877984255552292,-0.042808618396520615,0.3140850365161896,0.13453251123428345,-0.05737396329641342,0.20140329003334045,0.3872259557247162,-0.01257689855992794,0.22020182013511658,0.2664416432380676,-0.037613604217767715,0.24876436591148376,0.202988401055336,-0.0552205890417099,0.27780428528785706,0.1564694344997406,-0.06557279825210571,0.14883986115455627,0.41666731238365173,-0.025650113821029663,0.15917794406414032,0.32525938749313354,-0.051815781742334366,0.17658889293670654,0.27066972851753235,-0.064875528216362,0.19659361243247986,0.22635731101036072,-0.07219637930393219
0.21513336896896362,0.6553260684013367,3.738487635018828e-07,0.2924342751502991,0.6232475638389587,-0.02465273067355156,0.34971535205841064,0.5237823724746704,-0.027752559632062912,0.39490756392478943,0.44042059779167175,-0.03021642006933689,0.4415512979030609,0.3944248855113983,-0.033232398331165314,0.3397615849971771,0.3984568119049072,-0.0006940945750102401,0.37679940462112427,0.29209983348846436,-0.016129933297634125,0.3952099680900574,0.22383317351341248,-0.03294416517019272,0.4109986424446106,0.16064079105854034,-0.047077011317014694,0.2992892265319824,0.3738487958908081,-0.0039079696871340275,0.33928656578063965,0.2586449682712555,-0.016618937253952026,0.36506369709968567,0.18383345007896423,-0.03330279514193535,0.38477349281311035,0.12351629137992859,-0.04642985016107559,0.25062277913093567,0.3722706735134125,-0.012464701198041439,0.28511694073677063,0.25568804144859314,-0.0305105559527874,0.3107794225215912,0.19294551014900208,-0.044825732707977295,0.33421239256858826,0.1385633498430252,-0.05466208606958389,0.19307841360569,0.38962242007255554,-0.02378005161881447,0.2158820778131485,0.3022945821285248,-0.043582987040281296,0.23593178391456604,0.25763222575187683,-0.052574578672647476,0.25810399651527405,0.2176671177148819,-0.058237507939338684
0.22792606055736542,0.6499594449996948,5.633994533127407e-07,0.31701937317848206,0.5962414145469666,-0.024883819743990898,0.36729124188423157,0.49161359667778015,-0.023521089926362038,0.4061279296875,0.4012453258037567,-0.02206489071249962,0.4504566192626953,0.34731030464172363,-0.019407838582992554,0.3486461043357849,0.370972216129303,0.028617728501558304,0.3790692985057831,0.2590189576148987,0.027580713853240013,0.3945249915122986,0.18938632309436798,0.016588276252150536,0.4078761041164398,0.12583771347999573,0.005466105882078409,0.3053772449493408,0.346298485994339,0.029272733256220818,0.3364570438861847,0.22578522562980652,0.03213134780526161,0.35832393169403076,0.14800980687141418,0.019111085683107376,0.37517279386520386,0.0860585868358612,0.007335594855248928,0.257061630487442,0.34593287110328674,0.022752296179533005,0.28402823209762573,0.227169930934906,0.018318161368370056,0.3080257177352905,0.16447484493255615,0.005208166316151619,0.3307792544364929,0.11111629009246826,-0.005245922598987818,0.20335157215595245,0.3627815246582031,0.012408975511789322,0.22273674607276917,0.2754838168621063,0.003466820577159524,0.2411235123872757,0.22974660992622375,-0.0037864053156226873,0.26458388566970825,0.1884523630142212,-0.009344791993498802
0.24212835729122162,0.6453568935394287,3.5181443536203005e-07,0.31616777181625366,0.557644784450531,-0.012918809428811073,0.34083399176597595,0.43526220321655273,-0.010897538624703884,0.35558807849884033,0.33997976779937744,-0.013202225789427757,0.38452619314193726,0.278516948223114,-0.016327813267707825,0.2872742712497711,0.3155815601348877,0.0323123075067997,0.2853320240974426,0.20673055946826935,0.017220282927155495,0.28374698758125305,0.13960357010364532,-0.003276511561125517,0.28412535786628723,0.08336687088012695,-0.019497975707054138,0.24372121691703796,0.31182900071144104,0.02261658012866974,0.24309423565864563,0.19117037951946259,0.0085673276335001,0.2497437447309494,0.11533623933792114,-0.014102797023952007,0.26017647981643677,0.062052905559539795,-0.03073996677994728,0.19931600987911224,0.3309660255908966,0.006274970714002848,0.19340825080871582,0.20824822783470154,-0.014606209471821785,0.206899493932724,0.13866698741912842,-0.03422888368368149,0.22678405046463013,0.08987823128700256,-0.04649828001856804,0.14994071424007416,0.37214258313179016,-0.01224401593208313,0.14360399544239044,0.2785608470439911,-0.03428179398179054,0.15459193289279938,0.22262705862522125,-0.04711068421602249,0.1739889234304428,0.17822617292404175,-0.055028285831213
0.20704828202724457,0.6447300910949707,6.958227345421619e-07,0.3103209137916565,0.5977016687393188,-0.02144918590784073,0.36160656809806824,0.4956474006175995,-0.023002048954367638,0.4002853035926819,0.40790101885795593,-0.027122633531689644,0.4543120861053467,0.3581838309764862,-0.031237343326210976,0.3448331356048584,0.37409737706184387,0.033047158271074295,0.3768775761127472,0.25201648473739624,0.03023894876241684,0.39613088965415955,0.17246267199516296,0.01684301160275936,0.41187894344329834,0.09947323799133301,0.002219198737293482,0.2972252070903778,0.3474613428115845,0.025571463629603386,0.33113646507263184,0.21396639943122864,0.023671748116612434,0.3569828271865845,0.12597522139549255,0.004492465872317553,0.37567460536956787,0.0593704879283905,-0.012909515760838985,0.2443232238292694,0.3439338803291321,0.010532991960644722,0.2764055132865906,0.2128888964653015,0.0007145034614950418,0.3019197881221771,0.14234840869903564,-0.017441462725400925,0.3278462588787079,0.08152538537979126,-0.032273609191179276,0.186920166015625,0.35603824257850647,-0.008201401680707932,0.2122703492641449,0.26150959730148315,-0.022632721811532974,0.23131513595581055,0.20952916145324707,-0.034093886613845825,0.25691473484039307,0.16102568805217743,-0.043791066855192184
0.22207307815551758,0.6602201461791992,4.346425441781321e-07,0.2934686541557312,0.6185641288757324,-0.03416087478399277,0.34727123379707336,0.510382890701294,-0.046724557876586914,0.3907741904258728,0.4249876141548157,-0.05824105814099312,0.44320228695869446,0.37949419021606445,-0.06935888528823853,0.32779568433761597,0.35487988591194153,-0.014905164949595928,0.3545617163181305,0.23843783140182495,-0.04311176389455795,0.3762142062187195,0.16824905574321747,-0.0673116073012352,0.3975077271461487,0.11297868192195892,-0.08492083102464676,0.2863475978374481,0.3387605845928192,-0.01789906807243824,0.3165804445743561,0.21004745364189148,-0.04489390179514885,0.3472360670566559,0.14122621715068817,-0.0676288902759552,0.3778541088104248,0.09576946496963501,-0.08329470455646515,0.2391500025987625,0.3451341390609741,-0.02743460424244404,0.26183488965034485,0.2217298001050949,-0.05871432647109032,0.29920196533203125,0.16704857349395752,-0.07614490389823914,0.3365629017353058,0.1360839605331421,-0.08550895005464554,0.1838470697402954,0.36853766441345215,-0.04062766954302788,0.2053675502538681,0.27545487880706787,-0.07038171589374542,0.23299135267734528,0.2226075828075409,-0.08434435725212097,0.2610551416873932,0.18725739419460297,-0.0919552892446518
0.1775416135787964,0.6648871898651123,7.912723845038272e-07,0.2840539216995239,0.6368720531463623,-0.028432393446564674,0.3425571024417877,0.5433070659637451,-0.03761724382638931,0.3888855278491974,0.4646031856536865,-0.04842636361718178,0.45036959648132324,0.42177218198776245,-0.06003333255648613,0.3346426486968994,0.41392847895622253,0.013022360391914845,0.37835338711738586,0.2918474078178406,0.002255095401778817,0.4055729806423187,0.20938144624233246,-0.014041627757251263,0.4273220896720886,0.13469529151916504,-0.030075175687670708,0.2878535985946655,0.38476452231407166,0.004095784854143858,0.3347614109516144,0.24520690739154816,-0.00653879763558507,0.3683764934539795,0.15438565611839294,-0.028337448835372925,0.3936028480529785,0.08375337719917297,-0.046778663992881775,0.23392854630947113,0.37721604108810425,-0.012556813657283783,0.27698805928230286,0.24165752530097961,-0.0308240856975317,0.3068813979625702,0.16730406880378723,-0.05222857743501663,0.3378714323043823,0.10149499773979187,-0.06828866899013519,0.17633013427257538,0.3821374177932739,-0.03305700793862343,0.21006301045417786,0.283136785030365,-0.05506214126944542,0.23219864070415497,0.22691848874092102,-0.07025893777608871,0.2627406716346741,0.17376726865768433,-0.08210881799459457
0.21137264370918274,0.6680581569671631,3.473075196325226e-07,0.28258243203163147,0.6202894449234009,-0.02911963313817978,0.33220145106315613,0.5085994005203247,-0.03639063611626625,0.3684215247631073,0.420016348361969,-0.04291420429944992,0.4127581715583801,0.36869409680366516,-0.04988639056682587,0.30387139320373535,0.36788177490234375,-0.006336352322250605,0.32370054721832275,0.2583222985267639,-0.027657680213451385,0.3350628912448883,0.18808947503566742,-0.04845458269119263,0.3459963798522949,0.12532171607017517,-0.06503152847290039,0.26074475049972534,0.34975501894950867,-0.009883382357656956,0.2819814085960388,0.22543257474899292,-0.029952775686979294,0.29977959394454956,0.1474553793668747,-0.05107304826378822,0.3177398443222046,0.08415892720222473,-0.06678877770900726,0.21359223127365112,0.35639041662216187,-0.01927386410534382,0.2319016456604004,0.23127678036689758,-0.04419771581888199,0.2561429738998413,0.1622375100851059,-0.06210192292928696,0.28097182512283325,0.10637274384498596,-0.07361780107021332,0.15968963503837585,0.38332656025886536,-0.031646668910980225,0.17373064160346985,0.28959956765174866,-0.05678793787956238,0.19223476946353912,0.23442557454109192,-0.06921925395727158,0.21333536505699158,0.1872548907995224,-0.07691316306591034
0.19934861361980438,0.8380053043365479,4.2002167788268707e-07,0.27770519256591797,0.8064960241317749,-0.03038794919848442,0.35619989037513733,0.7183439135551453,-0.040097616612911224,0.4229186177253723,0.66668701171875,-0.049581777304410934,0.4806717038154602,0.6466873288154602,-0.05854114145040512,0.3320035934448242,0.5461307764053345,-0.011292814277112484,0.3748268485069275,0.4372338056564331,-0.03320872411131859,0.4013696312904358,0.3748513460159302,-0.05391484498977661,0.4259677529335022,0.32091134786605835,-0.06982805579900742,0.2904011309146881,0.5267438888549805,-0.016815535724163055,0.3365948498249054,0.4042007625102997,-0.03752496838569641,0.37156808376312256,0.3373185992240906,-0.05786179378628731,0.4043710231781006,0.2891780436038971,-0.07349351048469543,0.242857426404953,0.5272715091705322,-0.028432225808501244,0.27824103832244873,0.41545552015304565,-0.0531129390001297,0.3193574547767639,0.3807253837585449,-0.06816840916872025,0.3587324321269989,0.36458975076675415,-0.07757744193077087,0.18788014352321625,0.5405653119087219,-0.044173043221235275,0.22051073610782623,0.4478963613510132,-0.06795404851436615,0.25328725576400757,0.39499062299728394,-0.0798327699303627,0.288420170545578,0.3575069308280945,-0.08787056058645248
0.197367861866951,0.8187165260314941,4.840858309762552e-07,0.2692929208278656,0.8358975648880005,-0.05399343743920326,0.3589267432689667,0.7892834544181824,-0.07769640535116196,0.43192601203918457,0.7463087439537048,-0.09460283070802689,0.5000500082969666,0.7561051249504089,-0.11186124384403229,0.36367595195770264,0.6042612791061401,-0.041879985481500626,0.41014528274536133,0.5010617971420288,-0.06658093631267548,0.43684571981430054,0.43153560161590576,-0.08754587173461914,0.4555990397930145,0.37020647525787354,-0.1041925847530365,0.3224484920501709,0.5654829144477844,-0.036031827330589294,0.3784158527851105,0.4513888657093048,-0.05755066126585007,0.41051793098449707,0.38063469529151917,-0.07744431495666504,0.4370327591896057,0.32161232829093933,-0.09222829341888428,0.2742556631565094,0.5475119352340698,-0.03639513999223709,0.32974645495414734,0.438944935798645,-0.06050466373562813,0.36550426483154297,0.3806836009025574,-0.07747086882591248,0.39987921714782715,0.32935822010040283,-0.08930789679288864,0.21546794474124908,0.5445428490638733,-0.04169167950749397,0.25326859951019287,0.45696812868118286,-0.06573481112718582,0.28126296401023865,0.41063734889030457,-0.07679764926433563,0.31115880608558655,0.3682768940925598,-0.08398750424385071
0.6577077507972717,0.7588745355606079,2.655337993928697e-07,0.7560881972312927,0.7101156711578369,-0.020989803597331047,0.8138703107833862,0.6314581036567688,-0.027155287563800812,0.8509623408317566,0.569819450378418,-0.037777625024318695,0.8756201267242432,0.5317997932434082,-0.04994687810540199,0.7743485569953918,0.4735592007637024,0.023176664486527443,0.7864223122596741,0.35553455352783203,0.003892459673807025,0.7955638766288757,0.2886353135108948,-0.02094496786594391,0.802675724029541,0.23391678929328918,-0.04098127409815788,0.7316590547561646,0.46394890546798706,0.0106505136936903,0.747483491897583,0.33774882555007935,-0.009620696306228638,0.7645596861839294,0.26138168573379517,-0.03820974379777908,0.7768514156341553,0.21024298667907715,-0.060814760625362396,0.6866563558578491,0.47335895895957947,-0.01001441664993763,0.7038245797157288,0.35131555795669556,-0.03806684538722038,0.7264069318771362,0.2900124490261078,-0.06351426988840103,0.7466607689857483,0.2502446174621582,-0.08047974854707718,0.6395179629325867,0.49459710717201233,-0.03397233784198761,0.6551046371459961,0.3946791887283325,-0.06262599676847458,0.6750504374504089,0.3381592631340027,-0.08117885142564774,0.697137176990509,0.29731446504592896,-0.0946350246667862
0.6725224852561951,0.7822964787483215,3.2120081527864386e-07,0.7801459431648254,0.7921251058578491,-0.00902549922466278,0.8573362827301025,0.7395035624504089,-0.0018879116978496313,0.9169539213180542,0.7018539309501648,0.0013943781377747655,0.9646441340446472,0.6934791803359985,0.0030950310174375772,0.8550404906272888,0.5936585664749146,0.03921917825937271,0.8993864059448242,0.495472252368927,0.038425758481025696,0.9244464635848999,0.435474157333374,0.026079334318637848,0.9455292820930481,0.3799629211425781,0.012813844718039036,0.8166788816452026,0.5579931139945984,0.028127606958150864,0.8662421703338623,0.44807812571525574,0.027671873569488525,0.8970658779144287,0.38302290439605713,0.008776824921369553,0.9200240969657898,0.3315039277076721,-0.008017657324671745,0.7678892612457275,0.5385831594467163,0.011308116838335991,0.8138676881790161,0.43013060092926025,0.002147058257833123,0.8438659906387329,0.37516361474990845,-0.0142299123108387,0.8728513717651367,0.3279919922351837,-0.027162650600075722,0.7081271409988403,0.5309851765632629,-0.007798763923346996,0.745009183883667,0.44429832696914673,-0.021925063803792,0.7688292264938354,0.39989179372787476,-0.030155520886182785,0.7988102436065674,0.35964080691337585,-0.03669031336903572
0.6549897193908691,0.733734667301178,1.475066113698631e-07,0.7399161458015442,0.7008554339408875,-0.012657119892537594,0.798275351524353,0.6172977089881897,-0.011443667113780975,0.8358830213546753,0.5513160228729248,-0.012687924318015575,0.8710348606109619,0.5217938423156738,-0.015990152955055237,0.7663415670394897,0.4704074561595917,0.009471793659031391,0.7804905772209167,0.35970625281333923,-0.0036470815539360046,0.7855814695358276,0.28961384296417236,-0.021118110045790672,0.7862867712974548,0.22622010111808777,-0.03666886314749718,0.7258983850479126,0.453022837638855,-0.003056056797504425,0.7413216233253479,0.32415661215782166,-0.015594412572681904,0.7502440214157104,0.24531075358390808,-0.035232894122600555,0.752971887588501,0.18347540497779846,-0.051552657037973404,0.6816940307617188,0.45994362235069275,-0.0202893428504467,0.6938566565513611,0.3342224955558777,-0.038114745169878006,0.7038260698318481,0.26217231154441833,-0.055551059544086456,0.7135213613510132,0.19941863417625427,-0.06870051473379135,0.6323022246360779,0.48447898030281067,-0.03945261612534523,0.6427286863327026,0.38567042350769043,-0.06156666576862335,0.6518039703369141,0.3296965956687927,-0.07381996512413025,0.6663808226585388,0.27595385909080505,-0.0825202614068985
0.6448631882667542,0.7125818729400635,1.0354483492847066e-07,0.7251487374305725,0.6760976910591125,-0.01468418724834919,0.7802136540412903,0.5847727656364441,-0.013467084616422653,0.812575101852417,0.5120329260826111,-0.014457638375461102,0.843904435634613,0.4808712303638458,-0.017251314595341682,0.7395910620689392,0.42984920740127563,0.011072100140154362,0.7450974583625793,0.3184913992881775,-0.000448175793280825,0.747753918170929,0.2507580816745758,-0.01752089336514473,0.7487214803695679,0.1896519660949707,-0.03321145102381706,0.6986070871353149,0.414584219455719,0.0007847003289498389,0.7064052224159241,0.2875593900680542,-0.011172768659889698,0.7120751142501831,0.21053554117679596,-0.03143460303544998,0.7143233418464661,0.14995962381362915,-0.04822324588894844,0.6570110321044922,0.4236007034778595,-0.01421478483825922,0.6621553897857666,0.2974666953086853,-0.03113466501235962,0.6701743006706238,0.22577649354934692,-0.050064560025930405,0.679248571395874,0.16454601287841797,-0.06442003697156906,0.6119251251220703,0.4513944089412689,-0.03134285286068916,0.6154006719589233,0.3538273870944977,-0.051094938069581985,0.6221764087677002,0.29824960231781006,-0.0632077157497406,0.6349573731422424,0.24680788815021515,-0.07235568016767502
