0.4313504695892334,0.7909482717514038,8.051428608268907e-07,0.5406370162963867,0.7359826564788818,-0.041572727262973785,0.5874900221824646,0.6263971328735352,-0.06414397805929184,0.6142894625663757,0.5327337980270386,-0.08770151436328888,0.6609532833099365,0.454223096370697,-0.11286959797143936,0.5545886158943176,0.46663013100624084,-0.01514049805700779,0.5692430138587952,0.3231969475746155,-0.04104579985141754,0.5766366124153137,0.2278708517551422,-0.06747538596391678,0.5760145783424377,0.1470153033733368,-0.08950891345739365,0.49276721477508545,0.4568069875240326,-0.02681255340576172,0.5110952854156494,0.2903709411621094,-0.05014410987496376,0.5230642557144165,0.18428292870521545,-0.07886514812707901,0.5289788842201233,0.09884205460548401,-0.10273417085409164,0.43299680948257446,0.4713108241558075,-0.047212470322847366,0.44899165630340576,0.31217795610427856,-0.07722770422697067,0.4626321792602539,0.21955448389053345,-0.1025892049074173,0.4744284152984619,0.13696500658988953,-0.12169793993234634,0.37305712699890137,0.5012418031692505,-0.0725753977894783,0.3877667784690857,0.382796049118042,-0.10528697073459625,0.4012775421142578,0.31265097856521606,-0.12404055893421173,0.4189820885658264,0.244570791721344,-0.13846918940544128
0.4418729543685913,0.7969220876693726,9.313900477536663e-07,0.5612508654594421,0.7457101345062256,-0.03321538120508194,0.6094180345535278,0.633059024810791,-0.05754464864730835,0.6296921968460083,0.5431563258171082,-0.08547135442495346,0.6781135201454163,0.4682864844799042,-0.1170322522521019,0.569949209690094,0.48221513628959656,-0.016416577622294426,0.5870789885520935,0.3390887379646301,-0.044684845954179764,0.5953835844993591,0.2437908947467804,-0.07328498363494873,0.5943434238433838,0.1621173620223999,-0.09844979643821716,0.5097182393074036,0.47698280215263367,-0.03902606666088104,0.5287344455718994,0.3054417371749878,-0.06939546018838882,0.5395448207855225,0.1969776451587677,-0.10751563310623169,0.5434507727622986,0.11035582423210144,-0.1392805576324463,0.45035549998283386,0.4936310350894928,-0.06917604058980942,0.4673919975757599,0.3346861004829407,-0.10447325557470322,0.4780990779399872,0.23792660236358643,-0.13735000789165497,0.4857765734195709,0.1511070728302002,-0.16319045424461365,0.3902372121810913,0.5224853157997131,-0.1032574251294136,0.40706515312194824,0.40163281559944153,-0.13975997269153595,0.4178302586078644,0.32946741580963135,-0.16187402606010437,0.43082380294799805,0.2573073208332062,-0.18064795434474945
0.4375097155570984,0.8141032457351685,1.0060430213343352e-06,0.5608999133110046,0.7633445858955383,-0.03762662783265114,0.6115550398826599,0.6555111408233643,-0.06753737479448318,0.6319283843040466,0.5693476796150208,-0.10110653191804886,0.6817805171012878,0.4914202094078064,-0.13866810500621796,0.569446325302124,0.5007566809654236,-0.02398538775742054,0.5883052945137024,0.35894763469696045,-0.05775441229343414,0.5968996286392212,0.262201726436615,-0.09124080091714859,0.5954919457435608,0.18030670285224915,-0.11990544199943542,0.5083768963813782,0.49492019414901733,-0.04848829284310341,0.5302222371101379,0.3232884407043457,-0.08393587172031403,0.5417584180831909,0.2135756015777588,-0.12760473787784576,0.5471749305725098,0.12507089972496033,-0.16387875378131866,0.4494476914405823,0.5113149285316467,-0.0809851735830307,0.46658042073249817,0.3532971441745758,-0.12050537765026093,0.4794168770313263,0.25554144382476807,-0.1583915501832962,0.48941072821617126,0.1696600317955017,-0.1883649230003357,0.39120757579803467,0.540194571018219,-0.11783916503190994,0.4094034433364868,0.4200049936771393,-0.15741421282291412,0.4224328398704529,0.34483301639556885,-0.18281005322933197,0.4369884133338928,0.27214550971984863,-0.20489421486854553
0.43928062915802,0.8187721967697144,9.555269571137615e-07,0.5610218048095703,0.7687780857086182,-0.04247257858514786,0.6102854013442993,0.6581351161003113,-0.07197416573762894,0.6294716000556946,0.5709092617034912,-0.10422471910715103,0.6778444051742554,0.4935982823371887,-0.13996095955371857,0.5724613070487976,0.5053671598434448,-0.02416623942553997,0.5908580422401428,0.36246687173843384,-0.05598769336938858,0.6008102297782898,0.26699620485305786,-0.08830581605434418,0.6003336906433105,0.18453004956245422,-0.11588259041309357,0.5096345543861389,0.499482661485672,-0.043804772198200226,0.5328565835952759,0.32852980494499207,-0.07623497396707535,0.5454282164573669,0.22190555930137634,-0.11649398505687714,0.5503789782524109,0.13496097922325134,-0.15026509761810303,0.4498872756958008,0.5145490169525146,-0.07203985750675201,0.4687959551811218,0.35584014654159546,-0.10860399901866913,0.48093336820602417,0.2596818506717682,-0.14351867139339447,0.48908257484436035,0.17298439145088196,-0.17152024805545807,0.39089253544807434,0.5394303798675537,-0.10534622520208359,0.40737178921699524,0.4204784631729126,-0.14210359752178192,0.4192850589752197,0.34730303287506104,-0.16592736542224884,0.4337976574897766,0.27592894434928894,-0.18692775070667267
0.4513632655143738,0.8169500827789307,1.1690035535139032e-06,0.5715617537498474,0.775081217288971,-0.04797859489917755,0.6222652196884155,0.6743863821029663,-0.08653853088617325,0.6439878344535828,0.5927779078483582,-0.12788407504558563,0.6924934983253479,0.5089371204376221,-0.17393264174461365,0.5868105888366699,0.5069318413734436,-0.03435564041137695,0.6056080460548401,0.3668954372406006,-0.07100288569927216,0.6161346435546875,0.26932165026664734,-0.1073174998164177,0.615164041519165,0.18706050515174866,-0.1381608545780182,0.5242602229118347,0.5027621984481812,-0.0570644773542881,0.547964870929718,0.3308691382408142,-0.09552603214979172,0.5605945587158203,0.21908384561538696,-0.1416112333536148,0.5646911263465881,0.1305404007434845,-0.17920532822608948,0.4641098380088806,0.5197720527648926,-0.08844302594661713,0.48240527510643005,0.35986682772636414,-0.12925678491592407,0.4954661428928375,0.2599363625049591,-0.16698046028614044,0.5048848390579224,0.1719241738319397,-0.19721543788909912,0.40386664867401123,0.549647331237793,-0.12531647086143494,0.4228665828704834,0.4291371703147888,-0.1657024770975113,0.4369756579399109,0.3533289432525635,-0.19045962393283844,0.45153123140335083,0.28136661648750305,-0.2124137282371521
0.4507468342781067,0.8145763874053955,1.1765216640924336e-06,0.5700162649154663,0.7714937925338745,-0.05604291707277298,0.62074214220047,0.671532392501831,-0.09719661623239517,0.6450039148330688,0.5903821587562561,-0.13981874287128448,0.6970891952514648,0.5051121115684509,-0.18623563647270203,0.588420033454895,0.5078157186508179,-0.03836170956492424,0.6091639399528503,0.3674030900001526,-0.07428451627492905,0.6226846575737,0.27207762002944946,-0.10918627679347992,0.624212384223938,0.1902923583984375,-0.13888804614543915,0.5256717801094055,0.5031210780143738,-0.055657532066106796,0.5506520867347717,0.3343598544597626,-0.09257657825946808,0.565619707107544,0.2252076268196106,-0.13662242889404297,0.5734367370605469,0.13427653908729553,-0.1730729192495346,0.4660482406616211,0.517056941986084,-0.08258908241987228,0.487263560295105,0.3612495958805084,-0.1224692240357399,0.5022404193878174,0.26253166794776917,-0.1615874022245407,0.512813150882721,0.17250201106071472,-0.19310879707336426,0.4067535996437073,0.5427541732788086,-0.11583329737186432,0.4243810772895813,0.42801937460899353,-0.1557912826538086,0.43767040967941284,0.35368794202804565,-0.18307973444461823,0.45166313648223877,0.281313419342041,-0.20718948543071747
0.45373082160949707,0.8198033571243286,1.02109152066987e-06,0.567707359790802,0.7809394598007202,-0.05710912495851517,0.6195216178894043,0.6774953603744507,-0.09448052942752838,0.6453744173049927,0.5919744372367859,-0.13155597448349,0.6967069506645203,0.5068830251693726,-0.171694815158844,0.591754674911499,0.5144108533859253,-0.04248777776956558,0.6111555695533752,0.3707534670829773,-0.07713082432746887,0.6238097548484802,0.2734925448894501,-0.1086047813296318,0.6260082125663757,0.19079279899597168,-0.13517749309539795,0.5281288027763367,0.5053389072418213,-0.055204253643751144,0.5530198812484741,0.33471885323524475,-0.08897747099399567,0.5683183073997498,0.22555798292160034,-0.12677381932735443,0.5773025751113892,0.13626518845558167,-0.15840838849544525,0.46750718355178833,0.5179674625396729,-0.0774916559457779,0.48896196484565735,0.3577798902988434,-0.11596338450908661,0.5045701265335083,0.2593076527118683,-0.15119041502475739,0.5175428986549377,0.1711283028125763,-0.1791742891073227,0.40731778740882874,0.5436446070671082,-0.10590912401676178,0.42454469203948975,0.42511120438575745,-0.14627237617969513,0.4389667510986328,0.3515591621398926,-0.17322120070457458,0.45625221729278564,0.28081679344177246,-0.19592662155628204
0.6193951368331909,0.7411982417106628,6.932562541805964e-07,0.7275264263153076,0.7237462997436523,-0.04352716729044914,0.7902095317840576,0.6470699310302734,-0.07478411495685577,0.814693808555603,0.5687150359153748,-0.10833744704723358,0.8474209904670715,0.4888615012168884,-0.14558975398540497,0.7673599123954773,0.4825960099697113,-0.030316349118947983,0.7899315357208252,0.3538469076156616,-0.0661475881934166,0.8040832281112671,0.26717108488082886,-0.09815355390310287,0.8074538707733154,0.1956561803817749,-0.12427390366792679,0.7100400328636169,0.468065083026886,-0.04963545873761177,0.7446489334106445,0.31383389234542847,-0.08508637547492981,0.7618662714958191,0.2188872992992401,-0.12309697270393372,0.774451494216919,0.14170953631401062,-0.15421658754348755,0.6553769111633301,0.47469478845596313,-0.07766135782003403,0.6852073669433594,0.32715606689453125,-0.12067083269357681,0.7029035091400146,0.23633775115013123,-0.1566353142261505,0.7177661657333374,0.15669560432434082,-0.18373511731624603,0.5997815132141113,0.4925135672092438,-0.11018383502960205,0.6225993037223816,0.3868240714073181,-0.15388023853302002,0.640064537525177,0.32199549674987793,-0.18117468059062958,0.6598944664001465,0.2592673897743225,-0.2033892571926117
0.621279239654541,0.7312604784965515,8.014927175281628e-07,0.7291311025619507,0.7174399495124817,-0.047556016594171524,0.7892671227455139,0.6424720287322998,-0.08366236090660095,0.813320517539978,0.5652540922164917,-0.12135393917560577,0.8442392349243164,0.48121023178100586,-0.1630662977695465,0.7643715739250183,0.48103663325309753,-0.039522383362054825,0.7899575233459473,0.3524227440357208,-0.07836613059043884,0.8057089447975159,0.2652197480201721,-0.11201944947242737,0.8094674944877625,0.19486543536186218,-0.13903729617595673,0.7078691720962524,0.46694591641426086,-0.05788392573595047,0.7450379133224487,0.31457316875457764,-0.09646991640329361,0.7629402279853821,0.21943074464797974,-0.13605080544948578,0.7765886783599854,0.1420067548751831,-0.16807523369789124,0.6541333198547363,0.472328782081604,-0.08467764407396317,0.6845418810844421,0.3266547620296478,-0.12782026827335358,0.7026463747024536,0.23611927032470703,-0.1630866676568985,0.7174901366233826,0.1567804515361786,-0.1901995688676834,0.599128246307373,0.48865553736686707,-0.11636028438806534,0.6209602355957031,0.383658766746521,-0.15898160636425018,0.6390246152877808,0.3182254731655121,-0.18524070084095,0.6586132049560547,0.2549396753311157,-0.2071835994720459
0.6037747859954834,0.7290347814559937,5.091855541650148e-07,0.7069069743156433,0.7075700163841248,-0.03713960573077202,0.7747718095779419,0.6235833764076233,-0.05576109513640404,0.8008319139480591,0.5387329459190369,-0.0743522197008133,0.8290039896965027,0.47030743956565857,-0.09563568979501724,0.7462824583053589,0.46611231565475464,-0.023041583597660065,0.768814742565155,0.33497416973114014,-0.05335494875907898,0.7799102663993835,0.2510303556919098,-0.08099315315485,0.7830637693405151,0.17819875478744507,-0.10322035104036331,0.6938693523406982,0.4482726752758026,-0.03657930716872215,0.7226042151451111,0.29615187644958496,-0.06695252656936646,0.739958643913269,0.2007862627506256,-0.09900115430355072,0.7481681108474731,0.12734085321426392,-0.12436185777187347,0.6394102573394775,0.45768842101097107,-0.05738699808716774,0.6654118299484253,0.31074607372283936,-0.09530295431613922,0.6810891032218933,0.22178417444229126,-0.12393087148666382,0.6958907246589661,0.1437438726425171,-0.14369359612464905,0.5817554593086243,0.4815608561038971,-0.08158967643976212,0.6031292080879211,0.37144243717193604,-0.12103632837533951,0.6187042593955994,0.30837881565093994,-0.141728475689888,0.638561487197876,0.24579764902591705,-0.1565314680337906
0.5856563448905945,0.7090121507644653,9.635198239266174e-07,0.6948394179344177,0.6928951740264893,-0.0727945938706398,0.7540555000305176,0.6133447885513306,-0.12055341899394989,0.7711840271949768,0.5364692211151123,-0.1637897938489914,0.8122527003288269,0.47228994965553284,-0.20982696115970612,0.7332082986831665,0.4565369784832001,-0.0690617561340332,0.751262903213501,0.3325139880180359,-0.1142837256193161,0.765116810798645,0.2436586320400238,-0.1521815061569214,0.7666175961494446,0.17037084698677063,-0.181698739528656,0.6746847629547119,0.44238460063934326,-0.07417813688516617,0.7032026052474976,0.2870252728462219,-0.11872458457946777,0.7193862199783325,0.19189995527267456,-0.16170966625213623,0.7297675609588623,0.11546632647514343,-0.19607718288898468,0.6204068064689636,0.45305073261260986,-0.08847103267908096,0.6425126194953918,0.3063216209411621,-0.13687874376773834,0.660041868686676,0.21739554405212402,-0.17275136709213257,0.6744346618652344,0.14140760898590088,-0.1991925984621048,0.5650745034217834,0.47150805592536926,-0.1094423234462738,0.5862941741943359,0.36796295642852783,-0.15508970618247986,0.6030962467193604,0.2983795702457428,-0.18118201196193695,0.6190802454948425,0.2298097014427185,-0.20244792103767395
0.4329574406147003,0.8226290941238403,6.74821706070361e-07,0.5322770476341248,0.7661163806915283,-0.031803447753190994,0.5743952393531799,0.6610441207885742,-0.047513145953416824,0.5927064418792725,0.5720568895339966,-0.06388693302869797,0.6299064755439758,0.4980359673500061,-0.08188951015472412,0.5348069667816162,0.5254325270652771,-0.019362587481737137,0.5457000732421875,0.3920673429965973,-0.04647812247276306,0.5511119365692139,0.30283406376838684,-0.07178585231304169,0.5510250329971313,0.22501403093338013,-0.09312938153743744,0.4788273572921753,0.5170344114303589,-0.03396828472614288,0.4923381507396698,0.36183929443359375,-0.06406060606241226,0.5026155114173889,0.26034319400787354,-0.09550376981496811,0.5062404870986938,0.1819513440132141,-0.12011849880218506,0.42378777265548706,0.533389151096344,-0.05493758246302605,0.43520355224609375,0.3838634490966797,-0.09082769602537155,0.44628217816352844,0.29777097702026367,-0.1173841655254364,0.45733964443206787,0.22064581513404846,-0.135762557387352,0.3688390851020813,0.5638905167579651,-0.07907039672136307,0.3807913064956665,0.45416879653930664,-0.11562561988830566,0.39062175154685974,0.388278603553772,-0.135020911693573,0.4059479236602783,0.3226739764213562,-0.14886780083179474
0.44459205865859985,0.8240121603012085,4.5021067762718303e-07,0.527776300907135,0.7738843560218811,-0.03506307303905487,0.5736987590789795,0.6635584235191345,-0.044467661529779434,0.5969153046607971,0.5656991600990295,-0.0514034628868103,0.6292614936828613,0.49725618958473206,-0.05862344801425934,0.5369682312011719,0.5168880820274353,-0.01819087192416191,0.5471004843711853,0.38653764128685,-0.04002426564693451,0.5502352714538574,0.2989812195301056,-0.06030111759901047,0.550051748752594,0.22404950857162476,-0.07639133185148239,0.48425090312957764,0.502862811088562,-0.02114085480570793,0.4951632022857666,0.35860270261764526,-0.0425117127597332,0.5021523833274841,0.2612294554710388,-0.0646994486451149,0.5050272345542908,0.18446102738380432,-0.08099991083145142,0.43198537826538086,0.5188329815864563,-0.029710227623581886,0.4408798813819885,0.37841910123825073,-0.0551573745906353,0.4524320960044861,0.2939499020576477,-0.07422792166471481,0.46354028582572937,0.22183722257614136,-0.08624928444623947,0.37783196568489075,0.5586185455322266,-0.04171139746904373,0.38303232192993164,0.45185038447380066,-0.06888808310031891,0.3908168077468872,0.38622406125068665,-0.08253782987594604,0.40204086899757385,0.3234977722167969,-0.09045692533254623
0.4400031566619873,0.819338321685791,3.6590105878531176e-07,0.5248890519142151,0.7676591277122498,-0.03368498384952545,0.5699557065963745,0.6539422273635864,-0.042781006544828415,0.5933445692062378,0.5566366910934448,-0.050436265766620636,0.6263464689254761,0.4870859980583191,-0.05876597389578819,0.5332024097442627,0.5121622681617737,-0.01564040593802929,0.5434571504592896,0.3829968571662903,-0.03783194348216057,0.5462571978569031,0.299789160490036,-0.05931616947054863,0.5462087392807007,0.22688180208206177,-0.07687585800886154,0.48199644684791565,0.4985443949699402,-0.02067171037197113,0.49289965629577637,0.353654682636261,-0.0410645566880703,0.5010398626327515,0.25892922282218933,-0.0644700825214386,0.5041109323501587,0.18467402458190918,-0.08303350955247879,0.43066614866256714,0.5140530467033386,-0.03168286755681038,0.439026415348053,0.37431296706199646,-0.056808531284332275,0.4510855972766876,0.29240530729293823,-0.0778004601597786,0.4624629020690918,0.22244903445243835,-0.09255816787481308,0.37875401973724365,0.5525855422019958,-0.04616214334964752,0.3813062906265259,0.4481492042541504,-0.07375647872686386,0.3883613049983978,0.3848477005958557,-0.08909347653388977,0.39933550357818604,0.32498401403427124,-0.09943264722824097
0.44044721126556396,0.8082644939422607,3.6714959605888e-07,0.5192037224769592,0.7621281147003174,-0.036889951676130295,0.5625742077827454,0.6500909328460693,-0.046396028250455856,0.583466649055481,0.5495780110359192,-0.05279099568724632,0.6155477166175842,0.4806007444858551,-0.0591198205947876,0.5253294706344604,0.5062409043312073,-0.019666634500026703,0.5340498089790344,0.3808196783065796,-0.04063080996274948,0.5357470512390137,0.298854798078537,-0.0601695254445076,0.5339281558990479,0.22802698612213135,-0.07581031322479248,0.47407710552215576,0.4919247031211853,-0.020906513556838036,0.4852953553199768,0.35083693265914917,-0.03929359093308449,0.49239203333854675,0.25886327028274536,-0.05925435572862625,0.49376481771469116,0.1872597634792328,-0.07463027536869049,0.4243874251842499,0.5077013373374939,-0.027976123616099358,0.4319724440574646,0.3708648681640625,-0.050316035747528076,0.4423735439777374,0.2909572422504425,-0.06811622530221939,0.4518384337425232,0.22262021899223328,-0.08014608174562454,0.37385672330856323,0.5475746989250183,-0.03884076327085495,0.3747878074645996,0.44412094354629517,-0.06350474059581757,0.38019466400146484,0.3812427520751953,-0.07660230994224548,0.3895217776298523,0.3218265473842621,-0.08478385955095291
0.4379159212112427,0.8079969882965088,4.1143690054923354e-07,0.5204681754112244,0.7561235427856445,-0.03311453387141228,0.5586767792701721,0.6458720564842224,-0.04290292039513588,0.5777442455291748,0.5468925833702087,-0.051047828048467636,0.6112498044967651,0.47886922955513,-0.05944063141942024,0.5219689607620239,0.5066189169883728,-0.012178766541182995,0.5281215906143188,0.3777257800102234,-0.03283294290304184,0.5281286835670471,0.2935713529586792,-0.05347178503870964,0.5253878235816956,0.22046130895614624,-0.07047722488641739,0.4714842736721039,0.49400684237480164,-0.01690593548119068,0.479560524225235,0.3511231541633606,-0.035673193633556366,0.4850910007953644,0.2576441466808319,-0.057385846972465515,0.48550212383270264,0.18439549207687378,-0.0745956152677536,0.42123669385910034,0.5100886821746826,-0.02776673063635826,0.4268612265586853,0.37199199199676514,-0.05173048377037048,0.43485337495803833,0.29158303141593933,-0.07058067619800568,0.4423246383666992,0.22185027599334717,-0.08336380124092102,0.37062662839889526,0.54888516664505,-0.04211276397109032,0.37232691049575806,0.4433073401451111,-0.068541519343853,0.37638115882873535,0.38131844997406006,-0.08204122632741928,0.384466290473938,0.32136720418930054,-0.09060236066579819
0.4364980161190033,0.8060042858123779,4.5271445969774504e-07,0.5233004689216614,0.7493239045143127,-0.03202607110142708,0.5618106126785278,0.63981032371521,-0.04109992831945419,0.5792884230613708,0.5456113219261169,-0.04953872412443161,0.6110966205596924,0.47377753257751465,-0.058561038225889206,0.5227307677268982,0.5046921968460083,-0.007176124956458807,0.5285911560058594,0.3768959045410156,-0.025855999439954758,0.5292320847511292,0.2941572368144989,-0.04632868617773056,0.5267568230628967,0.22141525149345398,-0.06385486572980881,0.4730251133441925,0.4935098886489868,-0.013654705137014389,0.4810015559196472,0.3496977686882019,-0.031444109976291656,0.4873218536376953,0.2552978992462158,-0.0549532026052475,0.4883016049861908,0.1826503872871399,-0.07419661432504654,0.4228973686695099,0.5101235508918762,-0.026576513424515724,0.4285593032836914,0.3715856671333313,-0.05016346275806427,0.4372654855251312,0.2916758954524994,-0.07152944058179855,0.44594424962997437,0.2225703001022339,-0.08694545179605484,0.37273722887039185,0.5469846725463867,-0.043026965111494064,0.37385499477386475,0.44351309537887573,-0.06971486657857895,0.37719690799713135,0.3825627565383911,-0.08491980284452438,0.38501235842704773,0.32289186120033264,-0.09566464275121689
0.43416285514831543,0.8005725145339966,4.390637968754163e-07,0.5223889946937561,0.7439678907394409,-0.026647796854376793,0.559167742729187,0.6323493719100952,-0.031965840607881546,0.573007345199585,0.5381462574005127,-0.03736354783177376,0.6038941144943237,0.47102218866348267,-0.04341224208474159,0.519048810005188,0.5044733881950378,-0.002351032104343176,0.5253188610076904,0.3777537941932678,-0.017549941316246986,0.5264681577682495,0.29719018936157227,-0.035239096730947495,0.524232804775238,0.2260119915008545,-0.05134795978665352,0.46709951758384705,0.4936493933200836,-0.010529224760830402,0.4753127992153168,0.35069388151168823,-0.025514034554362297,0.4818803071975708,0.25727567076683044,-0.04768414422869682,0.4820305407047272,0.18663963675498962,-0.06649202108383179,0.41664010286331177,0.5091157555580139,-0.024675363674759865,0.4225568175315857,0.3724549412727356,-0.04564853385090828,0.43149489164352417,0.2942929267883301,-0.06696285307407379,0.4394122362136841,0.22589769959449768,-0.0831373855471611,0.36699673533439636,0.5436610579490662,-0.04193779453635216,0.36844760179519653,0.4425950050354004,-0.06719844788312912,0.3716989755630493,0.38277751207351685,-0.08312049508094788,0.37948131561279297,0.3229799270629883,-0.09507056325674057
0.43448877334594727,0.7966562509536743,3.544302558111667e-07,0.5124630331993103,0.7383813858032227,-0.032534219324588776,0.5486477613449097,0.6291198134422302,-0.041172806173563004,0.5657981634140015,0.5337314009666443,-0.048337943851947784,0.5950748920440674,0.46626871824264526,-0.05550827458500862,0.5083237290382385,0.4923635423183441,-0.011692114174365997,0.5155342817306519,0.3688032031059265,-0.03243559971451759,0.5156530141830444,0.291750431060791,-0.0526389516890049,0.5125344395637512,0.22392264008522034,-0.06855226308107376,0.45929446816444397,0.48225733637809753,-0.014850408770143986,0.4675213098526001,0.3446821868419647,-0.0326748751103878,0.4721897542476654,0.2560989260673523,-0.0531327985227108,0.4720958471298218,0.18541774153709412,-0.06884054839611053,0.41134020686149597,0.5003818273544312,-0.024005021899938583,0.4155491292476654,0.3681734502315521,-0.04560800641775131,0.4237014651298523,0.29059404134750366,-0.06349373608827591,0.4313558042049408,0.22386714816093445,-0.07571496814489365,0.3631563186645508,0.5409863591194153,-0.03673552721738815,0.35905900597572327,0.442686527967453,-0.06020273268222809,0.3622562289237976,0.381609708070755,-0.07289120554924011,0.36966192722320557,0.3233799338340759,-0.0809517428278923
0.4317336678504944,0.8035670518875122,3.8804068935860414e-07,0.5153729915618896,0.7409754991531372,-0.032244496047496796,0.5511265397071838,0.6299451589584351,-0.039778243750333786,0.5660322904586792,0.5345520377159119,-0.04639938101172447,0.5968075394630432,0.4656016230583191,-0.053183745592832565,0.5101119875907898,0.4969005286693573,-0.004992637317627668,0.5170133113861084,0.3723309636116028,-0.02214622311294079,0.5177927017211914,0.295518159866333,-0.04178513213992119,0.5164360404014587,0.2263515591621399,-0.058559369295835495,0.4597756564617157,0.48690906167030334,-0.008871172554790974,0.4662177264690399,0.3473920524120331,-0.024566590785980225,0.471689373254776,0.25778305530548096,-0.046970970928668976,0.4725230038166046,0.18741461634635925,-0.06555123627185822,0.41078120470046997,0.5041629076004028,-0.019138338044285774,0.414949893951416,0.37136226892471313,-0.039603088051080704,0.4241355061531067,0.2948985695838928,-0.06000755727291107,0.4330799877643585,0.2283816933631897,-0.07514112442731857,0.36263370513916016,0.5420254468917847,-0.0331195630133152,0.361316442489624,0.44284552335739136,-0.05633597820997238,0.3648940920829773,0.38311463594436646,-0.07069722563028336,0.37299394607543945,0.3247891366481781,-0.08119989186525345
0.43203607201576233,0.8018556833267212,4.2788343534994056e-07,0.5169929265975952,0.7428249716758728,-0.02860019914805889,0.5538399815559387,0.6334078311920166,-0.03412635996937752,0.5694476366043091,0.5370190739631653,-0.03937610983848572,0.6006789803504944,0.4710279107093811,-0.04475496709346771,0.5144098401069641,0.4999055862426758,0.0012219268828630447,0.5205807685852051,0.3735451102256775,-0.014165015891194344,0.5214617848396301,0.2941837012767792,-0.032450269907712936,0.5211672186851501,0.2238498330116272,-0.04827127978205681,0.4644019603729248,0.48822280764579773,-0.004068187903612852,0.47129136323928833,0.34778717160224915,-0.0183644387871027,0.4779089391231537,0.2560974657535553,-0.039510954171419144,0.4797520339488983,0.18540620803833008,-0.05667567625641823,0.41517341136932373,0.5039374232292175,-0.01565825194120407,0.41880160570144653,0.36929774284362793,-0.03559505566954613,0.42824891209602356,0.29193490743637085,-0.054779842495918274,0.43759480118751526,0.225427508354187,-0.06830193847417831,0.3655683696269989,0.5403883457183838,-0.030658237636089325,0.366154283285141,0.4396727681159973,-0.05331360548734665,0.3707151412963867,0.380064457654953,-0.06637202948331833,0.3801593780517578,0.32201430201530457,-0.07527328282594681
0.42992305755615234,0.8018435835838318,4.390052765756991e-07,0.514869213104248,0.7404109835624695,-0.025601152330636978,0.5501060485839844,0.630221962928772,-0.031133491545915604,0.5656511783599854,0.5354822874069214,-0.03721633553504944,0.5973344445228577,0.46870940923690796,-0.04362713545560837,0.51114422082901,0.4987780451774597,0.002155452501028776,0.5174234509468079,0.37511855363845825,-0.012647817842662334,0.5181203484535217,0.2967151403427124,-0.03062140755355358,0.5159308910369873,0.2264852225780487,-0.0464097298681736,0.46058768033981323,0.48825204372406006,-0.005504427012056112,0.4693491458892822,0.34957626461982727,-0.019155412912368774,0.474886953830719,0.25796595215797424,-0.03957802802324295,0.4751828908920288,0.18667662143707275,-0.05659832805395126,0.4108130931854248,0.504685640335083,-0.019258558750152588,0.4167965352535248,0.37142181396484375,-0.03796358034014702,0.4254864752292633,0.29487836360931396,-0.05582335591316223,0.4332493543624878,0.22874173521995544,-0.06912785768508911,0.3607003092765808,0.5408267378807068,-0.03635168448090553,0.3622961938381195,0.4396112859249115,-0.058374639600515366,0.3660318851470947,0.37916743755340576,-0.07092826068401337,0.3737444281578064,0.32008764147758484,-0.07994706183671951
0.4282533824443817,0.8024885654449463,3.9057047729329497e-07,0.5103954672813416,0.744857668876648,-0.030468907207250595,0.5458551645278931,0.6343861222267151,-0.037315431982278824,0.5618891716003418,0.5357808470726013,-0.04356081038713455,0.5941633582115173,0.4679431915283203,-0.04973917081952095,0.5075573921203613,0.49896857142448425,-0.0010845632059499621,0.5138274431228638,0.3734586834907532,-0.016556531190872192,0.5139130353927612,0.2945103049278259,-0.03448905050754547,0.5124488472938538,0.22469758987426758,-0.04994811490178108,0.4580419063568115,0.48731133341789246,-0.005444739013910294,0.4651877284049988,0.348058819770813,-0.01856991834938526,0.47086191177368164,0.25912606716156006,-0.03822633996605873,0.47177833318710327,0.1894981861114502,-0.05457928404211998,0.40957656502723694,0.5032371878623962,-0.016172926872968674,0.4132068455219269,0.3709949254989624,-0.03464232012629509,0.42129844427108765,0.29479730129241943,-0.05191295966506004,0.42862364649772644,0.22895139455795288,-0.06449171155691147,0.3608042001724243,0.5407533049583435,-0.030652761459350586,0.3600679337978363,0.43978479504585266,-0.05199417844414711,0.36404651403427124,0.38085949420928955,-0.06384480744600296,0.3720402121543884,0.3239862620830536,-0.07206787914037704
0.42763209342956543,0.7970317602157593,4.565611391171842e-07,0.5111132860183716,0.7328643798828125,-0.03489772230386734,0.54534512758255,0.6283078789710999,-0.04683982953429222,0.5609650015830994,0.5385373830795288,-0.057922739535570145,0.591234564781189,0.46613264083862305,-0.06899520754814148,0.503978967666626,0.4969315826892853,-0.011149629950523376,0.5106469392776489,0.3713236451148987,-0.03036845102906227,0.5118005871772766,0.2935639023780823,-0.05078921467065811,0.5088119506835938,0.22382768988609314,-0.06795740127563477,0.4524492621421814,0.489073783159256,-0.01570816896855831,0.46050330996513367,0.34728455543518066,-0.0319310687482357,0.4661623239517212,0.25668543577194214,-0.053414542227983475,0.4666516184806824,0.18566042184829712,-0.07174302637577057,0.40336307883262634,0.5066400766372681,-0.027154548093676567,0.4069032073020935,0.3750167489051819,-0.04729224741458893,0.41563254594802856,0.29804056882858276,-0.06752557307481766,0.4244362413883209,0.23041307926177979,-0.08376782387495041,0.3569837510585785,0.5422185659408569,-0.04285820573568344,0.3538826107978821,0.4477420151233673,-0.06647075712680817,0.3563539385795593,0.3880749046802521,-0.08208008855581284,0.36427345871925354,0.32897061109542847,-0.09440900385379791
0.4251692295074463,0.8018056750297546,3.5901726391784905e-07,0.5055625438690186,0.7408671379089355,-0.02980682998895645,0.5401533246040344,0.6261550188064575,-0.034889377653598785,0.5563624501228333,0.529381275177002,-0.03878634423017502,0.5854390859603882,0.46381375193595886,-0.04258503392338753,0.49851569533348083,0.49332401156425476,-0.005806957371532917,0.5045514106750488,0.3686789870262146,-0.022580638527870178,0.5047156810760498,0.2908570170402527,-0.04025799408555031,0.5021229982376099,0.22276020050048828,-0.054872725158929825,0.44820436835289,0.4817114770412445,-0.008726269006729126,0.4553976356983185,0.34270617365837097,-0.023151962086558342,0.46006354689598083,0.2531776428222656,-0.041986096650362015,0.46001511812210083,0.18310827016830444,-0.056974444538354874,0.40007901191711426,0.49902233481407166,-0.017528057098388672,0.40244483947753906,0.3673035800457001,-0.03605830669403076,0.41031888127326965,0.29121363162994385,-0.05354023724794388,0.41786155104637146,0.226233571767807,-0.06604137271642685,0.3526976406574249,0.5389256477355957,-0.02984297089278698,0.34866589307785034,0.4419015347957611,-0.05123665928840637,0.3514115810394287,0.3820219039916992,-0.06406621634960175,0.35877496004104614,0.3245065212249756,-0.07274588942527771
0.42203569412231445,0.8021039962768555,3.8414492564697866e-07,0.5080010294914246,0.7399787306785583,-0.03056897036731243,0.5434057116508484,0.6294209957122803,-0.03733108937740326,0.55872642993927,0.5352174043655396,-0.043586499989032745,0.5902465581893921,0.4664483666419983,-0.05004120618104935,0.5032274723052979,0.49714335799217224,-0.00367123750038445,0.5096499919891357,0.37029415369033813,-0.019449880346655846,0.510019838809967,0.2929477095603943,-0.03806714341044426,0.5072198510169983,0.22303685545921326,-0.05422758311033249,0.45174670219421387,0.48701098561286926,-0.008303248323500156,0.45929795503616333,0.34498143196105957,-0.02188105322420597,0.4656193256378174,0.2542314827442169,-0.04322940483689308,0.46604669094085693,0.18412253260612488,-0.06150240823626518,0.40234601497650146,0.5040062665939331,-0.019340883940458298,0.4060242176055908,0.37104398012161255,-0.03756304830312729,0.4151325225830078,0.2948174476623535,-0.05824371427297592,0.4237937927246094,0.2285490334033966,-0.07449474930763245,0.35505354404449463,0.5403818488121033,-0.03410046920180321,0.35236310958862305,0.44373640418052673,-0.05610358342528343,0.35583174228668213,0.3843589723110199,-0.07146555930376053,0.3645287752151489,0.3263239860534668,-0.08342898637056351
0.4278782308101654,0.8064535856246948,3.833666539776459e-07,0.5079621076583862,0.7498170733451843,-0.03491758555173874,0.5473991632461548,0.6391205787658691,-0.0432911142706871,0.5664925575256348,0.5423832535743713,-0.04963044822216034,0.5980030298233032,0.4767720699310303,-0.05561538413167,0.5110811591148376,0.5018618702888489,-0.011911093257367611,0.522128701210022,0.3766462802886963,-0.03179086372256279,0.5244525671005249,0.2990283668041229,-0.052128154784440994,0.5234777927398682,0.23013454675674438,-0.0682026594877243,0.4604245722293854,0.48839348554611206,-0.012832719832658768,0.4724690318107605,0.34920427203178406,-0.02906462550163269,0.48007863759994507,0.2599882483482361,-0.049323670566082,0.48258864879608154,0.19010436534881592,-0.06528980284929276,0.4112524390220642,0.5038129687309265,-0.019941778853535652,0.4184374511241913,0.3713480532169342,-0.038813311606645584,0.42898789048194885,0.2950630784034729,-0.05649657920002937,0.43841198086738586,0.2307218611240387,-0.06930652260780334,0.3620447516441345,0.5422342419624329,-0.031109211966395378,0.3616825044155121,0.4455550014972687,-0.0517100915312767,0.36608177423477173,0.3858998715877533,-0.06384484469890594,0.3745034337043762,0.3294600248336792,-0.07217775285243988
0.4309096336364746,0.8042969703674316,4.924166887576575e-07,0.5157263278961182,0.7471131682395935,-0.028837913647294044,0.5527353286743164,0.6406961679458618,-0.03518164902925491,0.5710008144378662,0.546186089515686,-0.04127611964941025,0.6028079390525818,0.4791991710662842,-0.0472845621407032,0.5174825191497803,0.507879912853241,0.0008806861587800086,0.5263718962669373,0.3820977210998535,-0.013261775486171246,0.5293529629707336,0.3003203868865967,-0.03023163229227066,0.5292436480522156,0.22853904962539673,-0.045139800757169724,0.466496080160141,0.49316471815109253,-0.004353080410510302,0.47815826535224915,0.35445982217788696,-0.016670450568199158,0.4859754741191864,0.2637266218662262,-0.03567579761147499,0.4889916777610779,0.1930406391620636,-0.05132290720939636,0.4157017767429352,0.5064406991004944,-0.015921466052532196,0.42317134141921997,0.37261852622032166,-0.03370332345366478,0.4337882697582245,0.29682737588882446,-0.05085279047489166,0.4436035752296448,0.23129898309707642,-0.06344824284315109,0.3640194833278656,0.539892315864563,-0.031113138422369957,0.3661947250366211,0.43995630741119385,-0.052484747022390366,0.3702120780944824,0.38081175088882446,-0.06456764787435532,0.37855878472328186,0.32346218824386597,-0.07294231653213501
0.43115827441215515,0.8071718215942383,4.679301071064401e-07,0.5149903893470764,0.7526851892471313,-0.032266609370708466,0.5542330741882324,0.6469586491584778,-0.040098000317811966,0.5744556784629822,0.550825834274292,-0.0467739962041378,0.608170747756958,0.48592880368232727,-0.05324491113424301,0.5184757113456726,0.5127785801887512,-0.004277561791241169,0.5296915769577026,0.3874376118183136,-0.02107659913599491,0.5332940816879272,0.3053840398788452,-0.03923853859305382,0.5342564582824707,0.23311063647270203,-0.05457929149270058,0.4688902795314789,0.4980705678462982,-0.007785228081047535,0.4810035526752472,0.359160453081131,-0.022697491571307182,0.4893401265144348,0.26780807971954346,-0.04282812029123306,0.49356967210769653,0.194878488779068,-0.058747924864292145,0.4190707504749298,0.5106484293937683,-0.017626160755753517,0.4274490475654602,0.3779653310775757,-0.03783668577671051,0.4383552670478821,0.3009340167045593,-0.05582217872142792,0.4487612843513489,0.23431813716888428,-0.06806790828704834,0.36725425720214844,0.5446336269378662,-0.03115350753068924,0.36910632252693176,0.44337329268455505,-0.05397401005029678,0.37340235710144043,0.38344451785087585,-0.06618551909923553,0.38190051913261414,0.3258036971092224,-0.07390009611845016
0.42654311656951904,0.8036863803863525,5.630009241031075e-07,0.514411985874176,0.7481076121330261,-0.03317565470933914,0.5532833933830261,0.6444708108901978,-0.043836019933223724,0.5718677043914795,0.5531448125839233,-0.05374814569950104,0.6073709726333618,0.48550018668174744,-0.0636853277683258,0.518925130367279,0.5107020735740662,-0.006356603000313044,0.5298144817352295,0.38433021306991577,-0.023347986862063408,0.5351107120513916,0.30118435621261597,-0.041735365986824036,0.5367373824119568,0.22780364751815796,-0.05772043392062187,0.4679034948348999,0.4981527030467987,-0.012222434394061565,0.4804939925670624,0.3564947247505188,-0.028027769178152084,0.4906732439994812,0.26346707344055176,-0.048948150128126144,0.4956531226634979,0.19136527180671692,-0.06608888506889343,0.41636133193969727,0.5109301209449768,-0.02487044781446457,0.4263167977333069,0.37548893690109253,-0.046578262001276016,0.43799927830696106,0.2979884445667267,-0.06551218032836914,0.4496568441390991,0.23055565357208252,-0.07908813655376434,0.36392977833747864,0.5422976016998291,-0.041384007781744,0.36802512407302856,0.44043660163879395,-0.06609944254159927,0.3731750249862671,0.3812319040298462,-0.0796130895614624,0.38373374938964844,0.3231658339500427,-0.08900995552539825
0.4248042404651642,0.8086053133010864,4.956415864398878e-07,0.507093608379364,0.7556586265563965,-0.03348392993211746,0.5482833981513977,0.6490519642829895,-0.04213664308190346,0.5699065923690796,0.552886962890625,-0.04959115386009216,0.6055165529251099,0.4862532913684845,-0.05684083327651024,0.5148371458053589,0.5131748914718628,-0.005319837015122175,0.5285025238990784,0.38843220472335815,-0.02202005870640278,0.5340062975883484,0.3064936399459839,-0.039876729249954224,0.536163866519928,0.23433732986450195,-0.05530703440308571,0.4648611545562744,0.4972083866596222,-0.009362096898257732,0.47977298498153687,0.35819709300994873,-0.02466503717005253,0.4901198744773865,0.2655387818813324,-0.045224469155073166,0.49553006887435913,0.1912916600704193,-0.061797235161066055,0.4139408469200134,0.508872389793396,-0.020062994211912155,0.42480093240737915,0.3743566870689392,-0.0414593480527401,0.43784603476524353,0.29767537117004395,-0.06085428223013878,0.45028603076934814,0.23068732023239136,-0.07441507279872894,0.3610403537750244,0.541583776473999,-0.03451874107122421,0.3644057512283325,0.4399159550666809,-0.05921787768602371,0.36987894773483276,0.3791823983192444,-0.07351243495941162,0.38009771704673767,0.31989729404449463,-0.0831015557050705
0.4246274530887604,0.8075743913650513,5.219587251303892e-07,0.5083540678024292,0.7537406086921692,-0.03208479657769203,0.5485429763793945,0.6455784440040588,-0.039553165435791016,0.5714622735977173,0.5514763593673706,-0.04543910548090935,0.6050492525100708,0.48395320773124695,-0.050993412733078,0.5151010155677795,0.511132538318634,-0.006485726684331894,0.5288426876068115,0.3854382634162903,-0.02259015664458275,0.5346167087554932,0.3029516339302063,-0.03985700011253357,0.5369274616241455,0.23178541660308838,-0.05474182963371277,0.4644967317581177,0.49449440836906433,-0.010443329811096191,0.4783999025821686,0.355593204498291,-0.026095716282725334,0.4894154369831085,0.2628183364868164,-0.04610687121748924,0.49546733498573303,0.191288024187088,-0.06188155338168144,0.4130031168460846,0.5077164769172668,-0.020650791004300117,0.4240309000015259,0.37262263894081116,-0.04195677489042282,0.4375265836715698,0.29666635394096375,-0.06046374514698982,0.4509614109992981,0.2311210036277771,-0.07314550876617432,0.3606768250465393,0.5434321761131287,-0.034393299371004105,0.3638491630554199,0.442315936088562,-0.05909428000450134,0.3692554831504822,0.3819420337677002,-0.07292112708091736,0.3802613615989685,0.3231204152107239,-0.08189643919467926
0.4207308888435364,0.802404522895813,4.760269689541019e-07,0.5046480298042297,0.7472200393676758,-0.03802081197500229,0.5443927645683289,0.6425563097000122,-0.04848426207900047,0.5638589262962341,0.547141969203949,-0.05704987049102783,0.5985314249992371,0.4776502251625061,-0.06547953933477402,0.5091639757156372,0.5045034885406494,-0.009479928761720657,0.5220879912376404,0.37889909744262695,-0.027604449540376663,0.5271027684211731,0.29952338337898254,-0.04720455780625343,0.5281237959861755,0.22867625951766968,-0.0637160986661911,0.45814990997314453,0.4913518726825714,-0.011379366740584373,0.47372037172317505,0.3503152132034302,-0.027241574600338936,0.48470303416252136,0.25943228602409363,-0.049001604318618774,0.48936349153518677,0.18859809637069702,-0.0667726919054985,0.40734490752220154,0.5050486922264099,-0.020358191803097725,0.4182208180427551,0.37152230739593506,-0.04203510284423828,0.4319911599159241,0.2954148054122925,-0.06309720873832703,0.44508233666419983,0.22945111989974976,-0.07843638956546783,0.35622501373291016,0.5382416248321533,-0.03358045220375061,0.3577095866203308,0.44111230969429016,-0.05859876424074173,0.36369311809539795,0.38207122683525085,-0.074307881295681,0.3750891089439392,0.3244152069091797,-0.08559729158878326
0.41773316264152527,0.8057997822761536,5.569341396949312e-07,0.5056286454200745,0.7480825185775757,-0.03381322696805,0.5451008677482605,0.6414703726768494,-0.04238850995898247,0.56501305103302,0.5469968318939209,-0.049677085131406784,0.6009249091148376,0.4811288118362427,-0.05648861825466156,0.5117999911308289,0.5100180506706238,-0.0030152727849781513,0.5261566042900085,0.3843136429786682,-0.017442183569073677,0.5326730012893677,0.3029947280883789,-0.03474343195557594,0.5357909798622131,0.23132461309432983,-0.05001959204673767,0.46064695715904236,0.49349769949913025,-0.006155122071504593,0.47681570053100586,0.35340267419815063,-0.01917693018913269,0.4886365532875061,0.2606959939002991,-0.038919512182474136,0.49502599239349365,0.18897461891174316,-0.05528122931718826,0.4089069664478302,0.5051072835922241,-0.01612577959895134,0.4217245876789093,0.36958059668540955,-0.034680821001529694,0.43550413846969604,0.292919397354126,-0.05322016030550003,0.44830119609832764,0.2270655333995819,-0.06683144718408585,0.35644304752349854,0.5363318920135498,-0.030129147693514824,0.36212560534477234,0.4350147843360901,-0.05240891873836517,0.3681604266166687,0.3744785189628601,-0.06602638959884644,0.3787027895450592,0.3158504068851471,-0.07569987326860428
0.41768768429756165,0.7984508275985718,4.4515928721011733e-07,0.5041242241859436,0.7512556314468384,-0.0317668691277504,0.5477225184440613,0.645523726940155,-0.03990650922060013,0.5693239569664001,0.5487974286079407,-0.0467066653072834,0.6055059432983398,0.4827556610107422,-0.0536075159907341,0.514392614364624,0.5113034248352051,-0.007005960214883089,0.5290480852127075,0.3833431005477905,-0.024082127958536148,0.5344881415367126,0.30183443427085876,-0.04206782951951027,0.537567675113678,0.23020708560943604,-0.057572558522224426,0.4650630056858063,0.4950615167617798,-0.011429869569838047,0.4827038645744324,0.3521561026573181,-0.02723635733127594,0.4951929450035095,0.2607424557209015,-0.048409655690193176,0.5012674927711487,0.18989279866218567,-0.06568765640258789,0.4149300754070282,0.5049818754196167,-0.021933820098638535,0.42812755703926086,0.3686380386352539,-0.042898502200841904,0.44102755188941956,0.29129427671432495,-0.06175946444272995,0.4524611830711365,0.22392702102661133,-0.07528632879257202,0.3635745048522949,0.5355501770973206,-0.03593108057975769,0.36968839168548584,0.43438318371772766,-0.059205979108810425,0.3761332035064697,0.3769174814224243,-0.07207465916872025,0.3863968253135681,0.3205989599227905,-0.08102759718894958
0.4213194251060486,0.7994064092636108,4.909020390186924e-07,0.5073586702346802,0.7503653764724731,-0.031891047954559326,0.548977792263031,0.6458323001861572,-0.03894994407892227,0.5703650712966919,0.5537026524543762,-0.04454139992594719,0.6052833795547485,0.4897151589393616,-0.04988497123122215,0.5194690823554993,0.5118446946144104,-0.004651537165045738,0.534813404083252,0.3866070508956909,-0.01920938678085804,0.5412371754646301,0.30601611733436584,-0.036238402128219604,0.5441283583641052,0.23466598987579346,-0.051185622811317444,0.46892407536506653,0.4947221279144287,-0.008070220239460468,0.48707595467567444,0.3579942286014557,-0.020706964656710625,0.49905726313591003,0.26725491881370544,-0.039895664900541306,0.5043835043907166,0.1972009837627411,-0.05598476156592369,0.4171609878540039,0.5041308403015137,-0.017867835238575935,0.4326104521751404,0.37339237332344055,-0.035627707839012146,0.44686251878738403,0.2991902530193329,-0.05348534882068634,0.4594433009624481,0.23411062359809875,-0.06681641191244125,0.36380577087402344,0.533224880695343,-0.031458914279937744,0.3715989887714386,0.4347206950187683,-0.05285167694091797,0.37824928760528564,0.3766421973705292,-0.06561332195997238,0.38884255290031433,0.3197801113128662,-0.07475432753562927
0.42725464701652527,0.7914662957191467,4.6430835709543317e-07,0.5279545187950134,0.7445032596588135,-0.006349851842969656,0.5717530846595764,0.6467903256416321,-0.0027866677846759558,0.5951305031776428,0.5666855573654175,-0.004488796461373568,0.6277021765708923,0.5164984464645386,-0.007781665306538343,0.5428576469421387,0.522837221622467,0.02837473154067993,0.5593249201774597,0.4009205102920532,0.01963626779615879,0.5677379369735718,0.3249436020851135,0.0041234251111745834,0.570601761341095,0.25980833172798157,-0.010637287050485611,0.49326831102371216,0.504895031452179,0.010509524494409561,0.5136911869049072,0.3677976131439209,0.0012820361880585551,0.5271403193473816,0.28086647391319275,-0.0196701530367136,0.532231330871582,0.21558013558387756,-0.037273261696100235,0.4429117739200592,0.5093193650245667,-0.01303186360746622,0.4594026803970337,0.3780461251735687,-0.028927238658070564,0.47227761149406433,0.3063575029373169,-0.047629259526729584,0.48345527052879333,0.2413087785243988,-0.06213372200727463,0.38956892490386963,0.5267983078956604,-0.03861270099878311,0.4011234939098358,0.4288177788257599,-0.05993198603391647,0.40862101316452026,0.3736491799354553,-0.07280588150024414,0.4209730923175812,0.31813329458236694,-0.08254830539226532
0.4116303324699402,0.7816495299339294,4.581908399359236e-07,0.5153613686561584,0.7356281280517578,-0.007194965612143278,0.55722576379776,0.634084939956665,-0.003921152092516422,0.5778251886367798,0.5503247380256653,-0.006514787673950195,0.6103493571281433,0.4976339042186737,-0.010211681947112083,0.5277425646781921,0.511424720287323,0.038792047649621964,0.5395599007606506,0.39362722635269165,0.0332975871860981,0.5435968041419983,0.3222867250442505,0.017784414812922478,0.5406322479248047,0.2614763081073761,0.002865576185286045,0.47608646750450134,0.4954783022403717,0.021821429952979088,0.4925532937049866,0.36095356941223145,0.017043065279722214,0.5010746717453003,0.2798202633857727,-0.003371697384864092,0.5018903017044067,0.22042357921600342,-0.020846154540777206,0.4262431859970093,0.49976539611816406,-0.0016469642287120223,0.43831613659858704,0.37169724702835083,-0.012320630252361298,0.4484676122665405,0.3037729263305664,-0.0289128590375185,0.4568690359592438,0.24120956659317017,-0.042712464928627014,0.37516751885414124,0.516143262386322,-0.027877209708094597,0.3861076831817627,0.421671062707901,-0.043588560074567795,0.3923911154270172,0.3701076805591583,-0.05341561883687973,0.4037332236766815,0.3179490566253662,-0.06173541769385338
0.41609418392181396,0.7852567434310913,4.533805793016654e-07,0.5184044241905212,0.7373308539390564,-0.0044528041034936905,0.5590468645095825,0.6334810853004456,-0.000273337762337178,0.5785306692123413,0.5485827922821045,-0.002333135111257434,0.6119459271430969,0.4982469081878662,-0.005645007360726595,0.5295889377593994,0.5118099451065063,0.03864588215947151,0.5419158339500427,0.3927059769630432,0.033941157162189484,0.5465501546859741,0.32065707445144653,0.019680572673678398,0.5455635190010071,0.2587340176105499,0.005479295738041401,0.4784015417098999,0.49613532423973083,0.020142609253525734,0.4948582947254181,0.36115360260009766,0.016411801800131798,0.5034800171852112,0.2783072590827942,-0.0017980766715481877,0.5045222043991089,0.21729609370231628,-0.017828814685344696,0.42796680331230164,0.5011569857597351,-0.004601667169481516,0.44182178378105164,0.37238743901252747,-0.014372039586305618,0.45217597484588623,0.3040664792060852,-0.0291025098413229,0.4604199528694153,0.24060824513435364,-0.04170360788702965,0.3757747709751129,0.5185224413871765,-0.03189973905682564,0.3889597952365875,0.4218880236148834,-0.046961210668087006,0.3963277339935303,0.3697024881839752,-0.056002479046583176,0.4079340100288391,0.31594526767730713,-0.06380408257246017
0.42186757922172546,0.787248969078064,3.7829894949936715e-07,0.5178815126419067,0.7383418679237366,-0.008416752330958843,0.5596500039100647,0.6330678462982178,-0.0013064496451988816,0.5792098045349121,0.5472062826156616,0.002243833849206567,0.6097220182418823,0.49738460779190063,0.005106495693325996,0.5294516086578369,0.5073446035385132,0.03233209252357483,0.5407738089561462,0.3903317451477051,0.029460111632943153,0.5447023510932922,0.319059818983078,0.018005987629294395,0.5446750521659851,0.25761735439300537,0.006134482100605965,0.4803159832954407,0.49036818742752075,0.020304368808865547,0.4947706162929535,0.36019665002822876,0.018216798081994057,0.5032216906547546,0.27794018387794495,0.003204143140465021,0.50452721118927,0.21672171354293823,-0.010033749043941498,0.4309893250465393,0.49690818786621094,0.002363950479775667,0.44276195764541626,0.3719192147254944,-0.007000908255577087,0.4535238742828369,0.30530762672424316,-0.02139844186604023,0.46323442459106445,0.24417906999588013,-0.03283518925309181,0.3789405822753906,0.5191965699195862,-0.017955869436264038,0.39002788066864014,0.42541971802711487,-0.03364572301506996,0.3979647755622864,0.3739100694656372,-0.04386838153004646,0.4110463559627533,0.3216906785964966,-0.05162554234266281
0.4314962327480316,0.7613621950149536,-2.8290011755416344e-07,0.3709697723388672,0.6599127054214478,0.03866526111960411,0.3480656147003174,0.5444677472114563,0.05497601628303528,0.33756762742996216,0.45357564091682434,0.06712283194065094,0.3027368187904358,0.41766756772994995,0.07642226666212082,0.40284669399261475,0.4890781342983246,0.0042490572668612,0.4213823080062866,0.34717684984207153,0.003441177075728774,0.4323465824127197,0.26984703540802,0.009488341398537159,0.4395531415939331,0.21268469095230103,0.015020842663943768,0.4534609317779541,0.5007832050323486,-0.011713208630681038,0.46939265727996826,0.33755654096603394,-0.017670299857854843,0.47841620445251465,0.25094443559646606,-0.012448049150407314,0.484683096408844,0.1877809762954712,-0.00669866194948554,0.49977225065231323,0.526677668094635,-0.02228878065943718,0.5166643261909485,0.3707391023635864,-0.02811358869075775,0.5238049030303955,0.28720802068710327,-0.02966911718249321,0.5216445326805115,0.22721640765666962,-0.02786693163216114,0.5414431095123291,0.5633227825164795,-0.027438705787062645,0.5564121603965759,0.4477333426475525,-0.026896752417087555,0.5578353404998779,0.3798266053199768,-0.024309417232871056,0.5513907670974731,0.3271692395210266,-0.021072732284665108
0.4529065787792206,0.7625583410263062,-6.810001007551136e-09,0.3720070421695709,0.6827958226203918,0.010827702470123768,0.33948731422424316,0.5792539715766907,0.016862818971276283,0.32719939947128296,0.4793226420879364,0.025761306285858154,0.29527097940444946,0.4255145788192749,0.03586161881685257,0.40798866748809814,0.48617085814476013,-0.010393748991191387,0.4069454073905945,0.34069323539733887,-0.011539562605321407,0.40877771377563477,0.2628557085990906,-0.006837080232799053,0.41351377964019775,0.20182502269744873,-0.0005060202092863619,0.46001261472702026,0.4845717251300812,-0.0038132977206259966,0.4527352452278137,0.3319346308708191,-0.009752445854246616,0.44995129108428955,0.24933670461177826,-0.0023880128283053637,0.4497169852256775,0.18694394826889038,0.007572476286441088,0.5019932389259338,0.5048554539680481,0.007067405618727207,0.4949686527252197,0.3694198727607727,0.006168341264128685,0.49008944630622864,0.290182888507843,0.011365805752575397,0.48194247484207153,0.23374329507350922,0.020155636593699455,0.5360382795333862,0.5373934507369995,0.021018583327531815,0.5380585193634033,0.4357399344444275,0.032236821949481964,0.5324152112007141,0.3756486773490906,0.04290340095758438,0.5234350562095642,0.33004292845726013,0.05342811718583107
0.48507508635520935,0.7301952838897705,1.1638334740382561e-07,0.4037334620952606,0.6471468806266785,-0.007313351612538099,0.37985116243362427,0.5611170530319214,-0.0033465642482042313,0.37868213653564453,0.483961284160614,0.015029278583824635,0.36605143547058105,0.42068392038345337,0.03612916171550751,0.4376475214958191,0.461498886346817,-0.061124321073293686,0.43743985891342163,0.33825185894966125,-0.06389597058296204,0.44099339842796326,0.26059579849243164,-0.0569608174264431,0.44763946533203125,0.20756348967552185,-0.045899201184511185,0.48180264234542847,0.47106999158859253,-0.02829473465681076,0.478274941444397,0.33718109130859375,-0.028045009821653366,0.47453710436820984,0.2597094178199768,-0.011181709356606007,0.4749090373516083,0.19769805669784546,0.004604788962751627,0.5166073441505432,0.4901862144470215,0.011353405192494392,0.5137221217155457,0.37857139110565186,0.015760524198412895,0.5084946155548096,0.30521443486213684,0.02186189591884613,0.5042158961296082,0.247797429561615,0.03122088685631752,0.5463360548019409,0.5117969512939453,0.05531442165374756,0.5414109826087952,0.4342501759529114,0.06991902738809586,0.5383864045143127,0.38376685976982117,0.07736571878194809,0.5358089208602905,0.3392707109451294,0.08502014726400375
0.4680810570716858,0.757400393486023,-1.01285735354395e-07,0.3873940706253052,0.6689140200614929,0.0023069207090884447,0.36595526337623596,0.5719555616378784,0.0111283203586936,0.36588943004608154,0.48371627926826477,0.03113653138279915,0.3510209321975708,0.42439672350883484,0.053721487522125244,0.4294881224632263,0.4834241271018982,-0.04391651228070259,0.4264482855796814,0.3476678133010864,-0.04930753633379936,0.4286048710346222,0.26776614785194397,-0.04590325057506561,0.436387300491333,0.21010613441467285,-0.037634946405887604,0.475462406873703,0.48724645376205444,-0.018244853243231773,0.470004677772522,0.3379281759262085,-0.026739561930298805,0.46928513050079346,0.25574788451194763,-0.01878206431865692,0.470846027135849,0.19364622235298157,-0.00855287816375494,0.5117867588996887,0.5048914551734924,0.01478545181453228,0.5081930756568909,0.3805786073207855,0.013861620798707008,0.5039291977882385,0.29976600408554077,0.015932641923427582,0.5000805854797363,0.2413879781961441,0.02327856793999672,0.5424784421920776,0.5289238095283508,0.05251616612076759,0.5402783155441284,0.44122862815856934,0.06670700758695602,0.5358707308769226,0.3847281038761139,0.0743916854262352,0.5317793488502502,0.33735501766204834,0.08226420730352402
0.45975181460380554,0.7626028060913086,-2.4761388317529054e-07,0.38102447986602783,0.6627094149589539,0.02089335024356842,0.3606742322444916,0.5633448958396912,0.03412327542901039,0.3640924096107483,0.47632747888565063,0.055123988538980484,0.3420041799545288,0.4167068600654602,0.07705464214086533,0.42214903235435486,0.485373318195343,-0.04209285229444504,0.4215252995491028,0.34760692715644836,-0.04370132461190224,0.4262423515319824,0.2693013548851013,-0.03271826356649399,0.43361905217170715,0.2113444209098816,-0.019910778850317,0.4696655869483948,0.49081411957740784,-0.02752617746591568,0.4702087342739105,0.33696791529655457,-0.03832651674747467,0.47157561779022217,0.2551433742046356,-0.025924324989318848,0.47318825125694275,0.1941990852355957,-0.012023435905575752,0.5096641182899475,0.5110486149787903,-0.003221588907763362,0.5117158889770508,0.3784533739089966,-0.005059165880084038,0.509594738483429,0.2994500696659088,0.0020050250459462404,0.5056408643722534,0.24138011038303375,0.01254606805741787,0.5430957078933716,0.5372130870819092,0.027451207861304283,0.5448411703109741,0.4444602131843567,0.03926610201597214,0.5405457019805908,0.3864009380340576,0.0481870137155056,0.5355700850486755,0.3370928168296814,0.057152554392814636
0.4495927095413208,0.7702471017837524,5.914078542446077e-07,0.5385545492172241,0.7309851050376892,-0.03234148770570755,0.5854970216751099,0.6355941891670227,-0.035604629665613174,0.6152780055999756,0.5554981231689453,-0.038294438272714615,0.6497367024421692,0.5013501048088074,-0.03924490138888359,0.5598400235176086,0.5036539435386658,0.019826358184218407,0.5823058485984802,0.39700376987457275,0.020203175023198128,0.5935172438621521,0.3310210704803467,0.012740058824419975,0.5982667803764343,0.27533891797065735,0.004793823696672916,0.5108824372291565,0.4839284420013428,0.021946633234620094,0.5336833000183105,0.36784088611602783,0.029630064964294434,0.546631395816803,0.29653286933898926,0.023785360157489777,0.5520163774490356,0.24598997831344604,0.01722346991300583,0.46235668659210205,0.4874337911605835,0.01587211713194847,0.4776577949523926,0.37734466791152954,0.016245083883404732,0.4925042986869812,0.3173375129699707,0.009673604741692543,0.5038324594497681,0.26760977506637573,0.0033851945772767067,0.41105109453201294,0.5074896216392517,0.004344794433563948,0.4148811101913452,0.42405104637145996,-0.002647206885740161,0.4177079200744629,0.3743734359741211,-0.007444565184414387,0.42407119274139404,0.3301243185997009,-0.010990524664521217
0.4382200241088867,0.7588828206062317,4.941392148793966e-07,0.5324872732162476,0.7249585390090942,-0.023998187854886055,0.5784085392951965,0.6336243748664856,-0.026795143261551857,0.6050810813903809,0.5543180704116821,-0.029691971838474274,0.6346893310546875,0.4969083070755005,-0.03271092101931572,0.5536684989929199,0.5105398297309875,0.012447521090507507,0.572262167930603,0.3978033661842346,0.005678507965058088,0.5790402293205261,0.3267262876033783,-0.007898028939962387,0.5802987813949585,0.2644028663635254,-0.020506655797362328,0.5061436891555786,0.48980796337127686,0.008135858923196793,0.5263960957527161,0.3684648275375366,0.006995595991611481,0.5384499430656433,0.2939021587371826,-0.00849589891731739,0.5433675646781921,0.2382068932056427,-0.022745326161384583,0.45862844586372375,0.4943196177482605,-0.0023679793812334538,0.47547003626823425,0.38158246874809265,-0.00920312013477087,0.48715269565582275,0.3173918128013611,-0.02387370355427265,0.49653953313827515,0.26028841733932495,-0.0362396277487278,0.40744489431381226,0.5172562599182129,-0.0164595115929842,0.4143552780151367,0.4266359806060791,-0.029102619737386703,0.415298193693161,0.3767346739768982,-0.037225138396024704,0.4221075177192688,0.32876646518707275,-0.043549083173274994
0.4378538131713867,0.761488139629364,6.407880732695048e-07,0.5414018630981445,0.7189263105392456,-0.019507912918925285,0.5819475650787354,0.6262450814247131,-0.025329506024718285,0.6031317114830017,0.5498079061508179,-0.03560858964920044,0.6335420608520508,0.49317246675491333,-0.046471163630485535,0.5516818761825562,0.5091114044189453,0.027170628309249878,0.5677144527435303,0.39343154430389404,0.018107304349541664,0.5757287740707397,0.3206842541694641,0.001424554269760847,0.5755642652511597,0.260245144367218,-0.013867968693375587,0.5015865564346313,0.4936235249042511,0.013585946522653103,0.522706151008606,0.3654686212539673,0.005500997882336378,0.5340427756309509,0.28987395763397217,-0.015763815492391586,0.5378406047821045,0.23601284623146057,-0.03290955722332001,0.45397764444351196,0.49844759702682495,-0.007585802115499973,0.47071152925491333,0.3785282373428345,-0.020620353519916534,0.484013170003891,0.3130244016647339,-0.03795026242733002,0.4930921792984009,0.254765123128891,-0.051670875400304794,0.4047127366065979,0.5149247050285339,-0.032782018184661865,0.412231981754303,0.42454826831817627,-0.05054652318358421,0.41396257281303406,0.3714671730995178,-0.06123572960495949,0.4200824797153473,0.32039088010787964,-0.06969112157821655
0.43185681104660034,0.7589051723480225,6.211331537997467e-07,0.5265928506851196,0.7201781868934631,-0.022854888811707497,0.5659825801849365,0.6254188418388367,-0.028672635555267334,0.5885558724403381,0.5484969615936279,-0.03641359135508537,0.6201653480529785,0.4881688058376312,-0.04470149427652359,0.5384888648986816,0.5092869997024536,0.014072120189666748,0.5539717674255371,0.395200252532959,0.005070297047495842,0.5608975291252136,0.320443332195282,-0.009844840504229069,0.5614997148513794,0.25663578510284424,-0.023953434079885483,0.49166417121887207,0.49177247285842896,0.0045586503110826015,0.5100932717323303,0.36549919843673706,-0.0014894813066348433,0.5216615200042725,0.2863917350769043,-0.020064402371644974,0.5263030529022217,0.22870272397994995,-0.036244798451662064,0.4440722167491913,0.49756693840026855,-0.011668439023196697,0.4579881727695465,0.37838125228881836,-0.02425604686141014,0.46818679571151733,0.3118070363998413,-0.041223593056201935,0.4755879044532776,0.2525733709335327,-0.05483353137969971,0.39321309328079224,0.5188678503036499,-0.03151359409093857,0.3998332619667053,0.42611929774284363,-0.04961458221077919,0.4000309109687805,0.3737674355506897,-0.06027763709425926,0.40518301725387573,0.32284700870513916,-0.06846824288368225
0.4227714240550995,0.7513097524642944,6.6581117152964e-07,0.5265598297119141,0.7151711583137512,-0.016530688852071762,0.5668558478355408,0.623318076133728,-0.023835549131035805,0.5841566920280457,0.5481305122375488,-0.035772740840911865,0.6159850358963013,0.49123644828796387,-0.05009669438004494,0.5342833399772644,0.5084541440010071,0.01883997954428196,0.5515422821044922,0.3955037593841553,0.007819052785634995,0.5563110709190369,0.32196110486984253,-0.00997841451317072,0.5549008846282959,0.25982150435447693,-0.02724151499569416,0.48642289638519287,0.4959469735622406,0.0013160586822777987,0.5054002404212952,0.36480528116226196,-0.010679046623408794,0.5138921737670898,0.2841399610042572,-0.03758981451392174,0.5161381959915161,0.2251477837562561,-0.0605819933116436,0.4380817711353302,0.5032105445861816,-0.022600028663873672,0.45049163699150085,0.3836284577846527,-0.04200565814971924,0.46054109930992126,0.3129976987838745,-0.06682626157999039,0.4664432108402252,0.2510717213153839,-0.08656467497348785,0.3896946310997009,0.5220864415168762,-0.04917158558964729,0.3991546034812927,0.4308042526245117,-0.07431675493717194,0.4032667279243469,0.3760228157043457,-0.0914207175374031,0.41065362095832825,0.3220667243003845,-0.10545523464679718
0.44149720668792725,0.7711816430091858,3.553739986728033e-07,0.5278148055076599,0.7429600358009338,-0.019798418506979942,0.5763009190559387,0.6464624404907227,-0.020715730264782906,0.602315366268158,0.5619088411331177,-0.02211925946176052,0.6263774633407593,0.5046383142471313,-0.0247751846909523,0.5520012378692627,0.515093207359314,0.00670735165476799,0.5687150955200195,0.39959412813186646,-0.0023707468062639236,0.5741562247276306,0.3252895772457123,-0.016278203576803207,0.5747487545013428,0.2598428428173065,-0.029211681336164474,0.5068357586860657,0.4945491850376129,-0.0004761606396641582,0.524138331413269,0.3682063817977905,-0.006477832794189453,0.5339882969856262,0.2897427976131439,-0.02349427528679371,0.5372262597084045,0.22889873385429382,-0.03851674497127533,0.4599003791809082,0.49994122982025146,-0.012688150629401207,0.4733833968639374,0.37913864850997925,-0.02484545111656189,0.4831697940826416,0.30951982736587524,-0.04125160351395607,0.48994988203048706,0.24875828623771667,-0.054070845246315,0.40852090716362,0.5271016359329224,-0.02754753641784191,0.4180392622947693,0.4288552403450012,-0.045157209038734436,0.42312732338905334,0.3737615942955017,-0.055581990629434586,0.4317800998687744,0.3212326765060425,-0.0630076602101326
0.45226189494132996,0.7700347900390625,3.960601304697775e-07,0.5438128709793091,0.7504161596298218,-0.02061331458389759,0.5922831296920776,0.659447968006134,-0.02661881037056446,0.6161395311355591,0.5801578760147095,-0.03332560509443283,0.6439895629882812,0.5223004221916199,-0.0424133725464344,0.5698936581611633,0.537844717502594,-0.010545127093791962,0.5918424129486084,0.41819268465042114,-0.030836457386612892,0.6004832983016968,0.34076952934265137,-0.05053027719259262,0.6028977632522583,0.27426236867904663,-0.06691557168960571,0.5244762897491455,0.5176863074302673,-0.022294608876109123,0.5478540658950806,0.383068323135376,-0.042858343571424484,0.5611437559127808,0.2989456355571747,-0.06715293228626251,0.5660701990127563,0.23582515120506287,-0.08661685138940811,0.4762785732746124,0.5223365426063538,-0.0385935939848423,0.4939272403717041,0.39479291439056396,-0.06354183703660965,0.5056624412536621,0.3201015591621399,-0.08443797379732132,0.5148334503173828,0.2566360831260681,-0.09936897456645966,0.4243118166923523,0.5439270734786987,-0.05694166198372841,0.4362250566482544,0.44235309958457947,-0.08506258577108383,0.44244110584259033,0.38404446840286255,-0.09991034865379333,0.453188955783844,0.32813307642936707,-0.11017969250679016
0.4405142664909363,0.7709386348724365,5.626383767776133e-07,0.538036584854126,0.7456651329994202,-0.024489834904670715,0.5861979126930237,0.6571311950683594,-0.03437478840351105,0.6078879833221436,0.579616904258728,-0.04594528302550316,0.6322699189186096,0.5183467268943787,-0.06028381362557411,0.5608714818954468,0.5350899696350098,-0.003217470832169056,0.582443118095398,0.41901618242263794,-0.022637145593762398,0.5895776748657227,0.3401923179626465,-0.04463721439242363,0.5913102626800537,0.2716229557991028,-0.0637660101056099,0.5152894258499146,0.5173105001449585,-0.016257047653198242,0.5380407571792603,0.37856197357177734,-0.03710959851741791,0.5498382449150085,0.2901821434497833,-0.06711681932210922,0.5537022352218628,0.22190925478935242,-0.09111835062503815,0.4672088325023651,0.523794412612915,-0.03477763012051582,0.48307034373283386,0.39558565616607666,-0.061989493668079376,0.4955471456050873,0.31887948513031006,-0.08769769966602325,0.5044018626213074,0.25330469012260437,-0.10607646405696869,0.41602110862731934,0.5420370101928711,-0.05588643252849579,0.4295504093170166,0.44530123472213745,-0.08519351482391357,0.4365832209587097,0.38714998960494995,-0.10168078541755676,0.4468226134777069,0.33166804909706116,-0.11405512690544128
0.4224025011062622,0.7641387581825256,4.888954663329059e-07,0.5191925764083862,0.7315189242362976,-0.01635136269032955,0.563509464263916,0.6401495337486267,-0.02204597182571888,0.5852672457695007,0.5625202655792236,-0.030642135068774223,0.6114795804023743,0.5016371607780457,-0.041469428688287735,0.5384863018989563,0.5185670852661133,0.003659845795482397,0.5583004355430603,0.3991160988807678,-0.013299443759024143,0.5669485926628113,0.3228031396865845,-0.03278195485472679,0.5686880946159363,0.25729435682296753,-0.04950148984789848,0.49174562096595764,0.5033221244812012,-0.012081237509846687,0.5141095519065857,0.37011051177978516,-0.02976331301033497,0.5276845097541809,0.28673845529556274,-0.05470229685306549,0.5329288840293884,0.2239075005054474,-0.07482286542654037,0.4432189464569092,0.5099554061889648,-0.033069100230932236,0.4618898630142212,0.3820570111274719,-0.05594490095973015,0.4740159809589386,0.3087722063064575,-0.0773833617568016,0.48331645131111145,0.2438155710697174,-0.09315324574708939,0.3920104205608368,0.5300858020782471,-0.056270211935043335,0.40517914295196533,0.4304567277431488,-0.08277567476034164,0.41103675961494446,0.3730114698410034,-0.09710235893726349,0.42145615816116333,0.316616415977478,-0.10744509100914001
0.4208575487136841,0.760726273059845,5.835879051119264e-07,0.5221512317657471,0.7313967347145081,-0.020257368683815002,0.5654008388519287,0.6417871713638306,-0.0281826201826334,0.5847163796424866,0.5653644800186157,-0.03869692608714104,0.6117330193519592,0.5063951015472412,-0.05138126388192177,0.5362727046012878,0.5241548418998718,0.0017827278934419155,0.5584893822669983,0.4075355529785156,-0.016421040520071983,0.566579282283783,0.33189481496810913,-0.03729588910937309,0.5692474246025085,0.26694178581237793,-0.055409010499715805,0.49124130606651306,0.5084204077720642,-0.012864751741290092,0.5140992999076843,0.3737589120864868,-0.03321537375450134,0.5271363258361816,0.28884899616241455,-0.06152331084012985,0.5326041579246521,0.22403296828269958,-0.08394776284694672,0.44424697756767273,0.5154380202293396,-0.03311622515320778,0.46107709407806396,0.3888874650001526,-0.05931467190384865,0.47377270460128784,0.31547242403030396,-0.08427559584379196,0.4823441207408905,0.250991553068161,-0.10204887390136719,0.3951461911201477,0.5321606993675232,-0.05573306605219841,0.40810441970825195,0.43465590476989746,-0.0850781574845314,0.4139556884765625,0.37556394934654236,-0.10215658694505692,0.42328137159347534,0.3189617097377777,-0.11457062512636185
0.42255425453186035,0.7615472078323364,5.160423484085186e-07,0.5238154530525208,0.7343766689300537,-0.00219956343062222,0.571048378944397,0.6378547549247742,-0.0017273876583203673,0.5886774659156799,0.5587568283081055,-0.008925631642341614,0.6138117909431458,0.5020615458488464,-0.020606910809874535,0.5405199527740479,0.5252124071121216,0.02925289049744606,0.5573678016662598,0.41414743661880493,0.016797183081507683,0.5626562833786011,0.3363668918609619,-0.0019429053645581007,0.5652820467948914,0.27094215154647827,-0.020288297906517982,0.4965282380580902,0.5116787552833557,0.003145388560369611,0.5154975652694702,0.3832462430000305,-0.010680259205400944,0.5256206393241882,0.2935941517353058,-0.03864123672246933,0.5278605818748474,0.22534844279289246,-0.06256257742643356,0.44919639825820923,0.5168004035949707,-0.0285958144813776,0.46469852328300476,0.3953559994697571,-0.05338788777589798,0.47543787956237793,0.31851375102996826,-0.0775686651468277,0.4822111427783966,0.2561127245426178,-0.09559249132871628,0.3982861638069153,0.5324661731719971,-0.06158953532576561,0.4139142632484436,0.43753114342689514,-0.09319323301315308,0.42369452118873596,0.3827592432498932,-0.11075761169195175,0.43557363748550415,0.33249473571777344,-0.12398373335599899
0.417016863822937,0.7629705667495728,4.469968075682118e-07,0.5153995752334595,0.7402756214141846,0.003052664687857032,0.5645370483398438,0.6380243301391602,0.011019842699170113,0.5853712558746338,0.5517743229866028,0.01159689947962761,0.6152881383895874,0.49839189648628235,0.008429600857198238,0.5396435856819153,0.5280467867851257,0.050308629870414734,0.5544864535331726,0.42655155062675476,0.0519978404045105,0.5618447065353394,0.3544314503669739,0.04274000972509384,0.5672035813331604,0.2949388921260834,0.02996319718658924,0.4988876283168793,0.512877345085144,0.02850922755897045,0.5124267935752869,0.3951495885848999,0.028150252997875214,0.5219376683235168,0.30687016248703003,0.009631263092160225,0.5230361819267273,0.23762688040733337,-0.007947348058223724,0.4520867168903351,0.5147817134857178,0.0011184485629200935,0.4660463333129883,0.39890915155410767,-0.0143583994358778,0.47448664903640747,0.3232366442680359,-0.03097561188042164,0.48169538378715515,0.2609797716140747,-0.0438583567738533,0.40030407905578613,0.5319731831550598,-0.027264857664704323,0.41610509157180786,0.4421749413013458,-0.053690195083618164,0.4259933829307556,0.3918880224227905,-0.06785717606544495,0.4397081434726715,0.3467828035354614,-0.07817976176738739
0.4139958620071411,0.7656571269035339,4.5353073119258625e-07,0.5078160762786865,0.7351217269897461,-0.01910749077796936,0.5563163757324219,0.6423913836479187,-0.020127737894654274,0.5820823907852173,0.5602319240570068,-0.02155608870089054,0.6042669415473938,0.5044565200805664,-0.02445964142680168,0.5298997759819031,0.5191641449928284,0.011161092668771744,0.5501003265380859,0.40448111295700073,0.003671264508739114,0.5569936633110046,0.3288358449935913,-0.009295402094721794,0.5592716932296753,0.2625288665294647,-0.022079266607761383,0.48711270093917847,0.4996326267719269,0.004201510921120644,0.5055001974105835,0.369903564453125,-0.0032235162798315287,0.5176039934158325,0.2861612141132355,-0.022906949743628502,0.521963357925415,0.22056475281715393,-0.03950071334838867,0.4404766261577606,0.5067166090011597,-0.0076110647059977055,0.4540821313858032,0.3841283917427063,-0.02220132015645504,0.4661123752593994,0.3111872673034668,-0.04054982587695122,0.4751516580581665,0.24718526005744934,-0.05398127809166908,0.38855624198913574,0.5313677787780762,-0.02164304628968239,0.3988366723060608,0.4328903555870056,-0.041977811604738235,0.4048968553543091,0.37613993883132935,-0.05415274575352669,0.41614830493927,0.32156312465667725,-0.06257304549217224
0.4129088521003723,0.7750795483589172,4.812958422917291e-07,0.501396894454956,0.736702561378479,-0.022355763241648674,0.5451513528823853,0.6394568681716919,-0.025782905519008636,0.5689525008201599,0.5551080107688904,-0.029891539365053177,0.597328782081604,0.4946209490299225,-0.0347314327955246,0.5205296277999878,0.514994204044342,0.00853145681321621,0.5379974246025085,0.3990110754966736,-0.0018729130970314145,0.5466137528419495,0.32162272930145264,-0.016561632975935936,0.5503866076469421,0.2547358572483063,-0.029872585088014603,0.475575715303421,0.49497953057289124,0.0014422980602830648,0.49443235993385315,0.3671860098838806,-0.006533105857670307,0.5077787041664124,0.2847738265991211,-0.02472379431128502,0.5157085657119751,0.22109293937683105,-0.03987526521086693,0.42817577719688416,0.5005059242248535,-0.011433864012360573,0.44278737902641296,0.3770662546157837,-0.025855202227830887,0.45447325706481934,0.30533266067504883,-0.04372422397136688,0.464870810508728,0.2439568042755127,-0.05676395073533058,0.37703579664230347,0.5270897150039673,-0.02723422460258007,0.3853161036968231,0.4284050464630127,-0.04627029225230217,0.390373170375824,0.3727708160877228,-0.05793068930506706,0.4001075029373169,0.3201466202735901,-0.06588999927043915
0.4092194437980652,0.7765496373176575,5.096810582472244e-07,0.5044558048248291,0.7325792908668518,-0.014981423504650593,0.5450830459594727,0.6358476877212524,-0.01794450357556343,0.5666837096214294,0.5546494722366333,-0.024336624890565872,0.5966368317604065,0.49338120222091675,-0.03218118101358414,0.5189909934997559,0.517479419708252,0.01536275539547205,0.5372815132141113,0.40007829666137695,0.003230663947761059,0.5459334254264832,0.32381126284599304,-0.014025366865098476,0.5483842492103577,0.25741633772850037,-0.029687145724892616,0.4725989103317261,0.500125527381897,0.0008838904905132949,0.49285486340522766,0.36794954538345337,-0.010899100452661514,0.506216824054718,0.28483518958091736,-0.03300418332219124,0.5125328302383423,0.22177386283874512,-0.05115129053592682,0.42425811290740967,0.5062194466590881,-0.01927916705608368,0.43906813859939575,0.37859463691711426,-0.03709189593791962,0.4512152075767517,0.30769819021224976,-0.05613009259104729,0.46212732791900635,0.24412932991981506,-0.0703996866941452,0.3733069896697998,0.5287575721740723,-0.04195418208837509,0.38241150975227356,0.4307382106781006,-0.06358154118061066,0.38704028725624084,0.3757499158382416,-0.07550490647554398,0.3970569372177124,0.3214218020439148,-0.0842084214091301
0.41327664256095886,0.7693774700164795,6.463316708504863e-07,0.5076637864112854,0.7260225415229797,-0.01901242509484291,0.5467972159385681,0.6312061548233032,-0.02624085173010826,0.5652651786804199,0.5535822510719299,-0.0371917299926281,0.5964937806129456,0.4904050827026367,-0.04974061995744705,0.519091784954071,0.5121083855628967,0.01234158594161272,0.5347655415534973,0.39550092816352844,-0.0008079610415734351,0.5441105961799622,0.3189730942249298,-0.018382564187049866,0.5461472272872925,0.25506141781806946,-0.03423899784684181,0.47045084834098816,0.49838000535964966,-0.0029202925506979227,0.4891282021999359,0.36570340394973755,-0.01578475721180439,0.502367377281189,0.28301969170570374,-0.03876379877328873,0.5078519582748413,0.22246849536895752,-0.05756129324436188,0.4215518534183502,0.5060781240463257,-0.02465200610458851,0.43593358993530273,0.3791274428367615,-0.04357810318470001,0.4483146369457245,0.30945873260498047,-0.06382100284099579,0.45842134952545166,0.24916678667068481,-0.07902538031339645,0.3706427812576294,0.5282641649246216,-0.04946772754192352,0.3801456689834595,0.4314526915550232,-0.0723227933049202,0.3848958909511566,0.3767215311527252,-0.08575673401355743,0.39392805099487305,0.32346147298812866,-0.09586139023303986
0.40023261308670044,0.7666192054748535,6.02530406013102e-07,0.5008969902992249,0.7216822504997253,-0.012870815582573414,0.5412083268165588,0.6265974044799805,-0.014583059586584568,0.5609576106071472,0.5458491444587708,-0.020550791174173355,0.5914580821990967,0.4865613579750061,-0.028109055012464523,0.5084608793258667,0.5133126974105835,0.02474510669708252,0.5264332294464111,0.39642685651779175,0.013866358436644077,0.5337134599685669,0.32037079334259033,-0.0036925619933754206,0.5350072383880615,0.256418913602829,-0.01969272829592228,0.463990181684494,0.49858760833740234,0.008826792240142822,0.48346540331840515,0.36587733030319214,-0.002128167077898979,0.49504250288009644,0.28266337513923645,-0.0258206594735384,0.49976953864097595,0.2221176028251648,-0.04498659446835518,0.41690993309020996,0.506345272064209,-0.013284086249768734,0.43154817819595337,0.3796975612640381,-0.030562829226255417,0.4419069290161133,0.3101044297218323,-0.050059594213962555,0.45033979415893555,0.2485242486000061,-0.06441159546375275,0.3658609390258789,0.5266931653022766,-0.03798149526119232,0.3759070634841919,0.4287412762641907,-0.06000719591975212,0.3789786696434021,0.37284958362579346,-0.07233060151338577,0.3876368999481201,0.3176068961620331,-0.08115403354167938
0.40573713183403015,0.7665209174156189,5.040597557126603e-07,0.49618440866470337,0.7237831950187683,-0.018471404910087585,0.536676287651062,0.6277719140052795,-0.020224809646606445,0.5569312572479248,0.5445881485939026,-0.02375912480056286,0.5872430801391602,0.48508507013320923,-0.02802800014615059,0.5120977163314819,0.5074986219406128,0.015457154251635075,0.5278626680374146,0.3926587700843811,0.007224302738904953,0.5353611707687378,0.3189805746078491,-0.007104820106178522,0.5380527377128601,0.2541782855987549,-0.020572587847709656,0.4663917124271393,0.49005162715911865,0.006299063563346863,0.48465633392333984,0.36335867643356323,-0.00035578131792135537,0.49694281816482544,0.2823124825954437,-0.01856292597949505,0.501796543598175,0.22135400772094727,-0.034161847084760666,0.41877812147140503,0.49651986360549927,-0.008675407618284225,0.43318215012550354,0.37548473477363586,-0.021369164809584618,0.44464096426963806,0.3072577118873596,-0.03825075551867485,0.45449936389923096,0.24719110131263733,-0.05126421898603439,0.36790257692337036,0.5195252299308777,-0.026480503380298615,0.37574198842048645,0.4257734715938568,-0.04374783858656883,0.38065552711486816,0.3733866214752197,-0.05449141934514046,0.390720009803772,0.3215738534927368,-0.062457580119371414
0.40607190132141113,0.7663938999176025,4.776123887495487e-07,0.49784743785858154,0.7242958545684814,-0.014309716410934925,0.5377764105796814,0.6249201893806458,-0.015467959456145763,0.5582829713821411,0.5407547354698181,-0.01927502453327179,0.5901085734367371,0.48525628447532654,-0.024259179830551147,0.5122660994529724,0.5086930990219116,0.015586369670927525,0.5276697874069214,0.3926997184753418,0.006455826107412577,0.5353179574012756,0.3174925446510315,-0.007757747080177069,0.5383405089378357,0.2519226372241974,-0.021186411380767822,0.4671248495578766,0.49134477972984314,0.00349409063346684,0.48494982719421387,0.3634708523750305,-0.003819948760792613,0.4974573850631714,0.28234729170799255,-0.021355025470256805,0.504030704498291,0.22077828645706177,-0.03653685748577118,0.4198737144470215,0.4978775382041931,-0.014013229869306087,0.4340358376502991,0.37459424138069153,-0.027618521824479103,0.44486284255981445,0.3066290616989136,-0.04303848370909691,0.4548937976360321,0.2466665804386139,-0.054972123354673386,0.3693983852863312,0.5220144391059875,-0.033988237380981445,0.37707531452178955,0.42480093240737915,-0.05221205949783325,0.3806072473526001,0.3718705177307129,-0.061906903982162476,0.3893998861312866,0.3198239207267761,-0.06890976428985596
0.40252694487571716,0.7712785005569458,5.152423341314716e-07,0.49966752529144287,0.7237840890884399,-0.011159968562424183,0.5406306982040405,0.6263981461524963,-0.010095556266605854,0.5602179169654846,0.5449294447898865,-0.013171296566724777,0.5898595452308655,0.4877908527851105,-0.017571251839399338,0.5134546160697937,0.5114061236381531,0.02653372287750244,0.5296677350997925,0.39526402950286865,0.01957523450255394,0.5376223921775818,0.3202010989189148,0.004865264054387808,0.5400180816650391,0.25518062710762024,-0.009735953994095325,0.46657508611679077,0.49444496631622314,0.011332916095852852,0.48557353019714355,0.36408883333206177,0.0049491566605865955,0.4988550841808319,0.28296247124671936,-0.015135171823203564,0.5053750276565552,0.22279271483421326,-0.032745297998189926,0.4186413884162903,0.501106858253479,-0.009875163435935974,0.43389570713043213,0.37774431705474854,-0.023672716692090034,0.4461900591850281,0.31078454852104187,-0.04235462844371796,0.4576933979988098,0.2494579255580902,-0.05738607421517372,0.36778444051742554,0.5229339599609375,-0.0335216298699379,0.3755485713481903,0.4289628863334656,-0.053118590265512466,0.3782569169998169,0.3764737844467163,-0.06536337733268738,0.3872082233428955,0.3228004574775696,-0.07504011690616608
0.4011530876159668,0.7596675157546997,5.81693996082322e-07,0.5003458261489868,0.7136476039886475,-0.012690492905676365,0.5384601950645447,0.6190966963768005,-0.015444280579686165,0.5549595355987549,0.5425096154212952,-0.02247234247624874,0.5845875144004822,0.48419463634490967,-0.03119209036231041,0.5065452456474304,0.5081937313079834,0.01740553416311741,0.5242708921432495,0.3919982612133026,0.004499676637351513,0.5319709777832031,0.3168575167655945,-0.01331603154540062,0.5338521599769592,0.2535416781902313,-0.029593920335173607,0.4606870710849762,0.495267778635025,0.000296905665891245,0.4803915023803711,0.3641749620437622,-0.013668365776538849,0.4927702844142914,0.2813187539577484,-0.03843650221824646,0.4986444115638733,0.22043612599372864,-0.058639705181121826,0.4138057827949524,0.5037418603897095,-0.02265084534883499,0.4293527603149414,0.37858259677886963,-0.04263545945286751,0.440576434135437,0.3094073534011841,-0.06474662572145462,0.4492379128932953,0.2475719451904297,-0.08132705092430115,0.3645823895931244,0.5232090353965759,-0.047900427132844925,0.37336814403533936,0.427347868680954,-0.07267127931118011,0.37606677412986755,0.37122440338134766,-0.08806217461824417,0.38392919301986694,0.31572407484054565,-0.09955179691314697
0.4089381694793701,0.7570106983184814,4.927763939122087e-07,0.5075910687446594,0.714442253112793,-0.005218540318310261,0.5463483333587646,0.6210142374038696,-0.0046785492449998856,0.566447913646698,0.5427252650260925,-0.009522921405732632,0.5966016054153442,0.4897574782371521,-0.016417382284998894,0.5152612924575806,0.5129367113113403,0.026009412482380867,0.5354138016700745,0.40027928352355957,0.015001221559941769,0.5412129759788513,0.3274974524974823,-0.0027280861977487803,0.5424114465713501,0.26474836468696594,-0.019209161400794983,0.4736739993095398,0.5005513429641724,0.0069036101922392845,0.49292799830436707,0.3739517033100128,-0.00501277158036828,0.5035867094993591,0.2920466363430023,-0.02991192415356636,0.5082037448883057,0.22902989387512207,-0.05072950944304466,0.4291914999485016,0.5088479518890381,-0.01731320470571518,0.4420241713523865,0.38860082626342773,-0.03486507385969162,0.45108526945114136,0.3192289471626282,-0.055892881006002426,0.45706531405448914,0.25718578696250916,-0.07202140241861343,0.38138633966445923,0.5286697149276733,-0.04315325617790222,0.3900381326675415,0.43333321809768677,-0.06578624993562698,0.39323359727859497,0.3767520785331726,-0.079851433634758,0.4008074998855591,0.3213602304458618,-0.09046746790409088
0.4144342839717865,0.7510551810264587,5.015876922698226e-07,0.5046292543411255,0.7134570479393005,-0.013794036582112312,0.5432432293891907,0.6249229907989502,-0.01796240359544754,0.5622352957725525,0.5459257364273071,-0.02538236230611801,0.5921210050582886,0.48910343647003174,-0.03458169847726822,0.516365110874176,0.5106963515281677,0.012215543538331985,0.5338386297225952,0.39894306659698486,-0.0017906494904309511,0.540042519569397,0.3263763189315796,-0.019696740433573723,0.5410571098327637,0.2635943293571472,-0.03527901694178581,0.4751097559928894,0.49634313583374023,-0.0028902555350214243,0.4924808144569397,0.370432049036026,-0.015814537182450294,0.5029118061065674,0.28970345854759216,-0.03797755762934685,0.5070239901542664,0.2275714874267578,-0.05610080808401108,0.43034014105796814,0.5043311715126038,-0.02329019084572792,0.4438697397708893,0.3843684792518616,-0.04214022681117058,0.45234280824661255,0.3158801198005676,-0.060205310583114624,0.4590400159358978,0.25488486886024475,-0.07322340458631516,0.380962610244751,0.527722954750061,-0.04587126150727272,0.3895542025566101,0.431479811668396,-0.06865326315164566,0.3926352262496948,0.37685084342956543,-0.07998103648424149,0.39941197633743286,0.3223937749862671,-0.08754786849021912
0.4079194664955139,0.7470653653144836,4.60196218909914e-07,0.49960047006607056,0.7091444730758667,-0.007893271744251251,0.5375813245773315,0.6167271733283997,-0.008824452757835388,0.5563905239105225,0.5388028025627136,-0.014226836152374744,0.5857335329055786,0.4854513704776764,-0.021912360563874245,0.5098142027854919,0.5077017545700073,0.015415076166391373,0.5291244387626648,0.39760181307792664,0.0006792409694753587,0.5360313057899475,0.32560187578201294,-0.017841536551713943,0.5375550985336304,0.2632244825363159,-0.034137483686208725,0.4695833921432495,0.49409782886505127,-0.002759380266070366,0.48779115080833435,0.36920589208602905,-0.018071221187710762,0.49751797318458557,0.2879980206489563,-0.04218347743153572,0.5010020732879639,0.22560840845108032,-0.061715010553598404,0.42535945773124695,0.5022277235984802,-0.025729451328516006,0.4386492371559143,0.38293004035949707,-0.046662140637636185,0.44669145345687866,0.3149191439151764,-0.0666135847568512,0.45260709524154663,0.25453266501426697,-0.08093118667602539,0.3757532835006714,0.5241290330886841,-0.05022869631648064,0.38406121730804443,0.4284932017326355,-0.07458944618701935,0.38637444376945496,0.3741719126701355,-0.08741408586502075,0.392985463142395,0.3204278349876404,-0.09631842374801636
0.4068458378314972,0.7581764459609985,4.798770305569633e-07,0.49971139430999756,0.7113071084022522,-0.007044385652989149,0.5355305671691895,0.6158435940742493,-0.006267084274441004,0.5532927513122559,0.5370056629180908,-0.010243912227451801,0.5836454033851624,0.4828873872756958,-0.015655163675546646,0.509529709815979,0.5079136490821838,0.02448606677353382,0.5253121256828308,0.39599519968032837,0.01641479693353176,0.5335174798965454,0.3236919045448303,0.002157483948394656,0.5360842347145081,0.2603164613246918,-0.011645411141216755,0.46542859077453613,0.4923626482486725,0.007748097646981478,0.48387548327445984,0.36645638942718506,-0.00012680451618507504,0.49609145522117615,0.2861576974391937,-0.01918039098381996,0.5009973049163818,0.22597789764404297,-0.03554634749889374,0.41970449686050415,0.4986664056777954,-0.014108680188655853,0.4349110424518585,0.37904947996139526,-0.02780747413635254,0.44579416513442993,0.312960684299469,-0.04376642033457756,0.4548817276954651,0.25343048572540283,-0.056498292833566666,0.3709389567375183,0.5192416310310364,-0.037928659468889236,0.3789964020252228,0.4263620674610138,-0.05604677274823189,0.38150084018707275,0.3747049570083618,-0.06576603651046753,0.38877689838409424,0.32299888134002686,-0.0732273980975151
0.391948401927948,0.750791609287262,3.5930619901591854e-07,0.47900837659835815,0.7016347646713257,-0.01214510016143322,0.5154017210006714,0.6060376167297363,-0.007589807268232107,0.5334393978118896,0.5228102207183838,-0.005270777735859156,0.5596219301223755,0.47015246748924255,-0.0031262438278645277,0.4868218004703522,0.48958781361579895,0.027943916618824005,0.49996712803840637,0.3809216618537903,0.02568233385682106,0.5041902661323547,0.31432121992111206,0.01480646338313818,0.5046242475509644,0.25557202100753784,0.003786462591961026,0.4433373212814331,0.472135990858078,0.020312372595071793,0.4575253129005432,0.35136717557907104,0.02043394185602665,0.4672435522079468,0.2741287350654602,0.006516552995890379,0.4705118238925934,0.21598148345947266,-0.006335853133350611,0.3987499177455902,0.4774741232395172,0.007121955044567585,0.4090856909751892,0.3623986542224884,0.0014857074711471796,0.41957178711891174,0.29828178882598877,-0.012275922112166882,0.42896729707717896,0.2415156364440918,-0.023899057880043983,0.35186320543289185,0.5010002851486206,-0.008623147383332253,0.35545238852500916,0.4142052233219147,-0.018950873985886574,0.3581809997558594,0.365243136882782,-0.0266422126442194,0.36616766452789307,0.3183147609233856,-0.03307643160223961
0.3896206021308899,0.7397599220275879,4.919319849250314e-07,0.4750097393989563,0.6947276592254639,-0.01786791905760765,0.5104413032531738,0.5993096828460693,-0.017717579379677773,0.52731853723526,0.5196635127067566,-0.019131721928715706,0.5545794367790222,0.4628935754299164,-0.020585922524333,0.4825575351715088,0.4874122738838196,0.019593220204114914,0.4941509962081909,0.37835693359375,0.014581792056560516,0.4996131956577301,0.308757483959198,0.003186120418831706,0.5005173683166504,0.24816793203353882,-0.007714251521974802,0.43865782022476196,0.47096699476242065,0.013059098273515701,0.45328712463378906,0.35269176959991455,0.010221307165920734,0.46418115496635437,0.2757694721221924,-0.003804064355790615,0.4675322473049164,0.2196027934551239,-0.015718242153525352,0.393606960773468,0.4772392213344574,0.0006052201497368515,0.4042016267776489,0.3627711236476898,-0.008203434757888317,0.41500744223594666,0.30038365721702576,-0.021203139796853065,0.4243122339248657,0.24610298871994019,-0.030946940183639526,0.3456011712551117,0.49991682171821594,-0.014882012270390987,0.35110926628112793,0.4114049971103668,-0.028217704966664314,0.3548662066459656,0.36202114820480347,-0.036323968321084976,0.3635751008987427,0.3144066333770752,-0.04201095178723335
0.37905165553092957,0.7442011833190918,4.472499597341084e-07,0.4640415608882904,0.6935491561889648,-0.015592571347951889,0.4991913437843323,0.5959845781326294,-0.013494966551661491,0.5177399516105652,0.5142621994018555,-0.013273987919092178,0.54438716173172,0.45740848779678345,-0.012815942987799644,0.4720783829689026,0.4853290617465973,0.024532578885555267,0.4837217926979065,0.3754592537879944,0.022370439022779465,0.4881356358528137,0.30666130781173706,0.01242869533598423,0.4891224801540375,0.24587002396583557,0.002307548653334379,0.4280863106250763,0.46871674060821533,0.018685370683670044,0.4429660439491272,0.3507080078125,0.019536202773451805,0.45264917612075806,0.27218711376190186,0.007170820143073797,0.45655184984207153,0.21406137943267822,-0.004407694563269615,0.38307926058769226,0.4743296504020691,0.0071433112025260925,0.39591270685195923,0.3624016046524048,0.002961026970297098,0.40744781494140625,0.29908084869384766,-0.008525840006768703,0.41728976368904114,0.24463453888893127,-0.018552610650658607,0.33536532521247864,0.49621909856796265,-0.007460299413651228,0.34027183055877686,0.4122215509414673,-0.01629987731575966,0.3439095616340637,0.36336788535118103,-0.02262389101088047,0.3523343801498413,0.316222608089447,-0.027938315644860268
0.37465158104896545,0.7392189502716064,5.546770012188063e-07,0.459071546792984,0.6863784790039062,-0.020777573809027672,0.4918481409549713,0.5924469232559204,-0.023329392075538635,0.508725643157959,0.5147028565406799,-0.02757807821035385,0.5358222126960754,0.4555704891681671,-0.03137993440032005,0.46474364399909973,0.48346444964408875,0.022251028567552567,0.4744804799556732,0.3736659586429596,0.020026223734021187,0.4792441427707672,0.30545365810394287,0.009700475260615349,0.47972404956817627,0.24579614400863647,-0.0008427673019468784,0.4191412925720215,0.47011199593544006,0.01725156605243683,0.4326121509075165,0.3502501845359802,0.018702205270528793,0.4417874217033386,0.27261167764663696,0.006172140594571829,0.4457513391971588,0.21615707874298096,-0.005945402663201094,0.37358468770980835,0.4763740301132202,0.005773777607828379,0.38536393642425537,0.363966166973114,0.0023429065477102995,0.39730918407440186,0.30115801095962524,-0.009438764303922653,0.4071334898471832,0.24755054712295532,-0.020276540890336037,0.3266426622867584,0.4961574077606201,-0.009523484855890274,0.331915020942688,0.41343528032302856,-0.017694590613245964,0.33514848351478577,0.3640438914299011,-0.024431733414530754,0.3424682021141052,0.31656700372695923,-0.0306857842952013
0.37062108516693115,0.7408449053764343,4.500685406583216e-07,0.4527947008609772,0.6890491843223572,-0.01783382147550583,0.4869231879711151,0.5936772227287292,-0.01894775964319706,0.503272294998169,0.5142849683761597,-0.021722884848713875,0.5307618379592896,0.45588210225105286,-0.02449622005224228,0.458965003490448,0.4802679121494293,0.018066899850964546,0.4683266580104828,0.3730841875076294,0.013134856708347797,0.4723553955554962,0.30608075857162476,0.0018602859927341342,0.47268015146255493,0.24774044752120972,-0.00899352878332138,0.4139861762523651,0.46551430225372314,0.011445127427577972,0.42686790227890015,0.3485982120037079,0.00968199037015438,0.43561047315597534,0.2732495069503784,-0.0027719612699002028,0.4387892782688141,0.2177640199661255,-0.014232921414077282,0.36852115392684937,0.47288674116134644,-0.001091203186661005,0.3801482617855072,0.36131370067596436,-0.008172916248440742,0.3920111656188965,0.30022189021110535,-0.01984008587896824,0.40269964933395386,0.24731919169425964,-0.029748238623142242,0.3215424418449402,0.4964830279350281,-0.016812585294246674,0.32624197006225586,0.4142714738845825,-0.02885223738849163,0.3298167586326599,0.36568140983581543,-0.03652738407254219,0.33771824836730957,0.31809085607528687,-0.042567040771245956
0.3652743399143219,0.7419941425323486,4.512684768087638e-07,0.44535407423973083,0.688088059425354,-0.015071597881615162,0.4788524806499481,0.5908213257789612,-0.012992003932595253,0.496955007314682,0.5107547640800476,-0.012779674492776394,0.5234678983688354,0.45258334279060364,-0.012403059750795364,0.44985976815223694,0.47909122705459595,0.024672644212841988,0.4594639241695404,0.3717763423919678,0.023440441116690636,0.463509202003479,0.30490273237228394,0.014667335897684097,0.46446704864501953,0.2466123402118683,0.005520928185433149,0.40648654103279114,0.4652548134326935,0.018690219148993492,0.4185001850128174,0.34982502460479736,0.02080281637609005,0.42671793699264526,0.27468341588974,0.010254936292767525,0.4302779734134674,0.21932560205459595,0.00013586525165010244,0.362106055021286,0.47299572825431824,0.007004471030086279,0.3727878928184509,0.36255592107772827,0.0030737805645912886,0.3838581144809723,0.30122268199920654,-0.007336516864597797,0.39405113458633423,0.24867236614227295,-0.016340408474206924,0.3147798180580139,0.4969722330570221,-0.007668874692171812,0.3184072971343994,0.4133746027946472,-0.01706223376095295,0.32117074728012085,0.3649545907974243,-0.023343458771705627,0.328596830368042,0.31828534603118896,-0.028255047276616096
0.3674607276916504,0.743938684463501,4.649602374229289e-07,0.44726067781448364,0.6883690357208252,-0.018234049901366234,0.4804616868495941,0.593498945236206,-0.01827392913401127,0.4980737566947937,0.5144466161727905,-0.019830718636512756,0.5254318714141846,0.4543399512767792,-0.02099236473441124,0.4514475464820862,0.4794950783252716,0.021223507821559906,0.4613651931285858,0.371611624956131,0.018197253346443176,0.46510395407676697,0.30456241965293884,0.008131584152579308,0.4657919108867645,0.24581286311149597,-0.001984498929232359,0.4074719250202179,0.46526023745536804,0.015819093212485313,0.41962599754333496,0.349641889333725,0.015871219336986542,0.4280351996421814,0.2747766375541687,0.0042402055114507675,0.43209463357925415,0.2188967764377594,-0.006727731786668301,0.36252909898757935,0.4735512435436249,0.004284094087779522,0.37264198064804077,0.3620659112930298,-0.0017077116062864661,0.38426342606544495,0.30120599269866943,-0.013408781029284,0.3958487808704376,0.2482801079750061,-0.023341529071331024,0.3155911862850189,0.498348206281662,-0.010522020980715752,0.31886351108551025,0.41562870144844055,-0.02187688834965229,0.3223254680633545,0.366489052772522,-0.029882267117500305,0.331082820892334,0.318528413772583,-0.03618365153670311
0.3713119626045227,0.7408680319786072,5.308458526087634e-07,0.4552547037601471,0.6854859590530396,-0.017639625817537308,0.4880136251449585,0.5948691964149475,-0.018466711044311523,0.5056230425834656,0.5174081325531006,-0.02166414074599743,0.5336984395980835,0.4568612277507782,-0.02434510923922062,0.45781365036964417,0.4815394878387451,0.026938926428556442,0.4694244861602783,0.37375348806381226,0.025670424103736877,0.47407689690589905,0.30841004848480225,0.01627642661333084,0.47421926259994507,0.2518552541732788,0.006779159419238567,0.41227948665618896,0.46777141094207764,0.0206502303481102,0.42728376388549805,0.350036084651947,0.02275688387453556,0.4370366036891937,0.2740062177181244,0.011465063318610191,0.4413548409938812,0.2194274365901947,0.0006964824278838933,0.36753174662590027,0.4753844141960144,0.007825393229722977,0.3795349895954132,0.36412402987480164,0.004447722341865301,0.39236316084861755,0.30310994386672974,-0.0060095652006566525,0.40402787923812866,0.25033560395240784,-0.015549526549875736,0.3217288851737976,0.49743419885635376,-0.008597276173532009,0.3266053795814514,0.4168371260166168,-0.017740562558174133,0.3300110697746277,0.36758941411972046,-0.024542519822716713,0.33826369047164917,0.3194795846939087,-0.030283421277999878
0.3728969097137451,0.7380393147468567,4.735724417059828e-07,0.4584251940250397,0.6882628202438354,-0.016806965693831444,0.49267077445983887,0.5944353342056274,-0.01696407049894333,0.5104501843452454,0.5156511068344116,-0.019158467650413513,0.5374643802642822,0.45759087800979614,-0.02127229794859886,0.46580982208251953,0.48462533950805664,0.0222358126193285,0.4765225946903229,0.37465164065361023,0.018309224396944046,0.48040467500686646,0.30660510063171387,0.006852911785244942,0.4804224967956543,0.24672797322273254,-0.004334249999374151,0.4211028218269348,0.4706205725669861,0.015546890906989574,0.4342779815196991,0.35054993629455566,0.014497162774205208,0.4436873197555542,0.27288854122161865,0.0004963994724676013,0.4476297199726105,0.21571022272109985,-0.012685547582805157,0.37574052810668945,0.47677069902420044,0.0029198527336120605,0.3870527744293213,0.3642597198486328,-0.002768856007605791,0.3982788026332855,0.3012837767601013,-0.015530120581388474,0.4078008234500885,0.24644282460212708,-0.0268812645226717,0.3292572498321533,0.4967455267906189,-0.012899008579552174,0.3341746926307678,0.41393613815307617,-0.02271745353937149,0.3373529314994812,0.3667292594909668,-0.02994094416499138,0.3450656831264496,0.32019221782684326,-0.0364176444709301
0.37436336278915405,0.7401384115219116,4.7527646529488266e-07,0.4591809809207916,0.6866112351417542,-0.013292361982166767,0.4923051595687866,0.5934881567955017,-0.012425513938069344,0.5091253519058228,0.5141881108283997,-0.014541318640112877,0.5353136658668518,0.4562075138092041,-0.01667667366564274,0.4647058844566345,0.482019305229187,0.027497312054038048,0.47462213039398193,0.3742290139198303,0.024016356095671654,0.4785058796405792,0.30662602186203003,0.012800855562090874,0.47802671790122986,0.2473965585231781,0.0019206057768315077,0.42014598846435547,0.4685017764568329,0.018870996311306953,0.433137983083725,0.3508491516113281,0.018115326762199402,0.442466139793396,0.2739942669868469,0.004536801017820835,0.4462777078151703,0.21764978766441345,-0.00787392444908619,0.3748466968536377,0.47531282901763916,0.004393935203552246,0.3859783411026001,0.3633144497871399,-0.0011928860330954194,0.39757418632507324,0.3007367253303528,-0.012672585435211658,0.40783315896987915,0.2472096085548401,-0.022695668041706085,0.32769984006881714,0.49763160943984985,-0.013065099716186523,0.3321554958820343,0.4145314693450928,-0.022919120267033577,0.33575040102005005,0.36624640226364136,-0.029314933344721794,0.344038724899292,0.319369912147522,-0.03471769019961357
0.37195318937301636,0.7333390712738037,4.385651948268787e-07,0.4522480368614197,0.6863289475440979,-0.01671929843723774,0.4865061342716217,0.594009518623352,-0.01586434245109558,0.5051151514053345,0.5136027336120605,-0.016568485647439957,0.5312618613243103,0.45725294947624207,-0.016917068511247635,0.4594796299934387,0.4785613417625427,0.02233380265533924,0.47087356448173523,0.3734091520309448,0.018092837184667587,0.4743654131889343,0.3062499463558197,0.007343458943068981,0.4746134877204895,0.24789339303970337,-0.002721091266721487,0.41674351692199707,0.46287789940834045,0.01731792651116848,0.42945414781570435,0.34920161962509155,0.016027331352233887,0.4382263422012329,0.27459603548049927,0.00332240154966712,0.44251754879951477,0.2178047001361847,-0.0075943972915410995,0.3730320334434509,0.46926265954971313,0.006579190492630005,0.3818644881248474,0.35871580243110657,-0.000137906419695355,0.3918040692806244,0.2960700988769531,-0.012207851745188236,0.40106895565986633,0.24288934469223022,-0.021435879170894623,0.32662251591682434,0.4940858781337738,-0.007065645419061184,0.32763975858688354,0.40957969427108765,-0.017901355400681496,0.33102065324783325,0.36045628786087036,-0.025123124942183495,0.3397507071495056,0.31433308124542236,-0.030110908672213554
0.36870840191841125,0.7375518083572388,5.170174972590758e-07,0.45250383019447327,0.6877798438072205,-0.014029772952198982,0.48524078726768494,0.5935285091400146,-0.012309152632951736,0.5012739896774292,0.5143927335739136,-0.013127511367201805,0.5287607908248901,0.4576338231563568,-0.013756820000708103,0.4563112258911133,0.48169293999671936,0.02736864611506462,0.46768519282341003,0.37325963377952576,0.025560852140188217,0.47135263681411743,0.3056100606918335,0.016408761963248253,0.47140389680862427,0.2470715343952179,0.00693152379244566,0.4126819670200348,0.4682575762271881,0.01950147934257984,0.4249243438243866,0.3520957827568054,0.019115358591079712,0.43400850892066956,0.2752249836921692,0.005526985507458448,0.43730974197387695,0.21972724795341492,-0.006049831863492727,0.3680705428123474,0.4759765863418579,0.005909207742661238,0.37729111313819885,0.3632599115371704,-0.0005836214986629784,0.3875623047351837,0.300220251083374,-0.013368911109864712,0.3971123695373535,0.2458186149597168,-0.02319938875734806,0.32072871923446655,0.5002045631408691,-0.010436679236590862,0.3232572674751282,0.4142845869064331,-0.022064857184886932,0.3264114260673523,0.3654189705848694,-0.02998744137585163,0.33499330282211304,0.31793448328971863,-0.03553839772939682
0.37299948930740356,0.738330602645874,5.346352622837003e-07,0.4549180567264557,0.6831811666488647,-0.016202758997678757,0.48613280057907104,0.5914281010627747,-0.017508158460259438,0.502715528011322,0.5158452391624451,-0.020873311907052994,0.5292395353317261,0.4559345543384552,-0.023981504142284393,0.45709511637687683,0.4805895984172821,0.020325129851698875,0.46802258491516113,0.3718414306640625,0.016916340216994286,0.4725775122642517,0.3053610324859619,0.006891082972288132,0.47306355834007263,0.24785330891609192,-0.003082652110606432,0.4124406576156616,0.46758875250816345,0.012953519821166992,0.4250383675098419,0.3507330119609833,0.0116507513448596,0.43460536003112793,0.2746007442474365,-0.0007990208105184138,0.439199298620224,0.21967101097106934,-0.012306693941354752,0.3669554591178894,0.47598960995674133,-0.00021924370958004147,0.37772706151008606,0.3642748296260834,-0.006471856031566858,0.38952064514160156,0.3018971085548401,-0.01787649467587471,0.4006926119327545,0.24917197227478027,-0.027717003598809242,0.3204525411128998,0.4999004602432251,-0.016466563567519188,0.3253232538700104,0.416034072637558,-0.02762463502585888,0.329157292842865,0.3666819930076599,-0.03507990017533302,0.3380449712276459,0.3189176917076111,-0.04111442714929581
0.36402565240859985,0.7372896671295166,4.469372356652457e-07,0.4452466666698456,0.6821703910827637,-0.009638658724725246,0.4741361737251282,0.5848773121833801,-0.006620286963880062,0.4899206757545471,0.5055211186408997,-0.006811097264289856,0.5163438320159912,0.4519082009792328,-0.006987456697970629,0.4444290101528168,0.4776287376880646,0.027351178228855133,0.4545297622680664,0.37053990364074707,0.024184076115489006,0.4580218195915222,0.3031466007232666,0.014773336239159107,0.45833471417427063,0.24391773343086243,0.005674959160387516,0.40281373262405396,0.465072900056839,0.018170829862356186,0.4136407673358917,0.34975385665893555,0.01750321500003338,0.4209710955619812,0.27348393201828003,0.005646135658025742,0.4241029918193817,0.21598702669143677,-0.004394986666738987,0.3597487807273865,0.47348952293395996,0.0038756306748837233,0.3672579526901245,0.3622446060180664,-0.0018177544698119164,0.3762355148792267,0.2976532578468323,-0.012122971937060356,0.3843507170677185,0.2428702414035797,-0.019983433187007904,0.3131103217601776,0.4995480477809906,-0.01281347032636404,0.3133782148361206,0.4128204584121704,-0.022444123402237892,0.3158687353134155,0.36265069246292114,-0.027836468070745468,0.32309091091156006,0.3153589367866516,-0.03133102133870125
0.3734716475009918,0.73760986328125,5.174738930691092e-07,0.45401230454444885,0.6792607307434082,-0.011972415260970592,0.4826442301273346,0.5862939953804016,-0.011894040741026402,0.4988272786140442,0.5103468894958496,-0.014730417169630527,0.5265696048736572,0.45292288064956665,-0.017185043543577194,0.4528186321258545,0.4775300920009613,0.023884013295173645,0.4633825719356537,0.36788100004196167,0.020301219075918198,0.46743345260620117,0.302600622177124,0.010191974230110645,0.4676491618156433,0.24675408005714417,0.00048536725807935,0.4071962535381317,0.4643840789794922,0.014769264496862888,0.41937434673309326,0.3475801944732666,0.013416704721748829,0.42839857935905457,0.27122142910957336,0.0010152772301808,0.43218252062797546,0.21659186482429504,-0.010243567638099194,0.36208072304725647,0.47285139560699463,0.0002540083951316774,0.3720848560333252,0.36269673705101013,-0.004934381227940321,0.38343900442123413,0.30129989981651306,-0.014759107492864132,0.39406028389930725,0.24902302026748657,-0.02354571782052517,0.31664496660232544,0.4974595606327057,-0.017096372321248055,0.3204130530357361,0.4150233268737793,-0.026765966787934303,0.32346075773239136,0.3668575882911682,-0.03258461877703667,0.3310397267341614,0.31937167048454285,-0.0373188853263855
0.37055009603500366,0.7445697784423828,5.257209068076918e-07,0.4551044702529907,0.688786506652832,-0.01777832582592964,0.48878031969070435,0.5958516001701355,-0.01924445666372776,0.506560206413269,0.5171542167663574,-0.023183245211839676,0.5335376262664795,0.45765116810798645,-0.02677323669195175,0.46027088165283203,0.48507916927337646,0.024927420541644096,0.470415860414505,0.377623051404953,0.021880896762013435,0.47429558634757996,0.3107594847679138,0.011150366626679897,0.4737820029258728,0.2515271008014679,0.0005865748971700668,0.4150390326976776,0.4716196656227112,0.018087320029735565,0.428337961435318,0.35424089431762695,0.018694527447223663,0.43723970651626587,0.27773183584213257,0.006145918276160955,0.4408741593360901,0.2213311791419983,-0.005689735524356365,0.36994075775146484,0.4782894253730774,0.004919351544231176,0.3810836672782898,0.3680827021598816,0.0008991044596768916,0.39234936237335205,0.30513566732406616,-0.009733080863952637,0.4022476077079773,0.25149568915367126,-0.01949138008058071,0.3238622546195984,0.49953752756118774,-0.011867860332131386,0.32759737968444824,0.4185802638530731,-0.02051718346774578,0.33045119047164917,0.37028181552886963,-0.02639371156692505,0.3379810154438019,0.3244436979293823,-0.03153865784406662
0.38040459156036377,0.7444695830345154,4.706131733200891e-07,0.4625430107116699,0.6960431337356567,-0.015379360876977444,0.4970804452896118,0.601511538028717,-0.014573055319488049,0.5143092274665833,0.5227512717247009,-0.015720315277576447,0.5412737131118774,0.46739158034324646,-0.01691427268087864,0.46979373693466187,0.49022290110588074,0.02004881203174591,0.4830179810523987,0.3838985562324524,0.014193102717399597,0.4877081513404846,0.3159107565879822,0.0026673355605453253,0.4883173108100891,0.2567935287952423,-0.008119058795273304,0.4266904890537262,0.4743972718715668,0.012488543055951595,0.441038578748703,0.35793083906173706,0.007555152289569378,0.4509376883506775,0.2809954285621643,-0.0077965762466192245,0.45457786321640015,0.22288504242897034,-0.02030768431723118,0.3820170760154724,0.48114070296287537,-0.0005049813771620393,0.39277949929237366,0.36682069301605225,-0.01116013154387474,0.40362149477005005,0.3029858469963074,-0.025537513196468353,0.4131559133529663,0.2478002905845642,-0.035881027579307556,0.3345423936843872,0.5053563117980957,-0.01601550728082657,0.33917680382728577,0.41781991720199585,-0.030479243025183678,0.3442404270172119,0.3684677183628082,-0.03944187983870506,0.3541240096092224,0.3208581805229187,-0.04547670856118202
0.377291202545166,0.7432212233543396,4.733459491035319e-07,0.47330182790756226,0.6951984167098999,-0.004450088366866112,0.5100632905960083,0.6019853353500366,-0.0018378561362624168,0.527513325214386,0.5247640609741211,-0.004611873533576727,0.5586228966712952,0.47449618577957153,-0.009201577864587307,0.48233604431152344,0.497485488653183,0.029866382479667664,0.4984237253665924,0.3876928687095642,0.02233516424894333,0.5062043070793152,0.31677326560020447,0.0073819877579808235,0.5091245174407959,0.2550816535949707,-0.007373298984020948,0.43858370184898376,0.4836091995239258,0.011637622490525246,0.4581008553504944,0.3592369854450226,0.0031929961405694485,0.47127729654312134,0.2816941440105438,-0.018530020490288734,0.47824519872665405,0.2238486409187317,-0.037183549255132675,0.3935830295085907,0.49062851071357727,-0.011825497262179852,0.40896010398864746,0.3717067241668701,-0.026788849383592606,0.42090094089508057,0.3059171438217163,-0.04658548906445503,0.43151426315307617,0.24589401483535767,-0.062407270073890686,0.34597793221473694,0.5092909932136536,-0.03693734481930733,0.3546934723854065,0.41915175318717957,-0.05724993348121643,0.3581666648387909,0.3685798645019531,-0.070423424243927,0.36744141578674316,0.3171745538711548,-0.08095493912696838
0.36383748054504395,0.7719988226890564,6.922060151737242e-07,0.4528628885746002,0.7224730253219604,-0.0291170384734869,0.49145448207855225,0.6268378496170044,-0.03942708298563957,0.5132539868354797,0.5461707711219788,-0.05085316300392151,0.5514384508132935,0.48237425088882446,-0.062177397310733795,0.46812114119529724,0.5034999251365662,0.006738078780472279,0.4873943626880646,0.38672274351119995,-0.004294914193451405,0.49814990162849426,0.3123517632484436,-0.020246298983693123,0.5030987858772278,0.24680465459823608,-0.035042423754930496,0.419066846370697,0.4893699288368225,-0.000798483844846487,0.4403456449508667,0.3596097230911255,-0.010458440519869328,0.45522668957710266,0.2737468481063843,-0.029885679483413696,0.463665634393692,0.20875468850135803,-0.04674847424030304,0.3694985806941986,0.49702188372612,-0.015560075640678406,0.38882502913475037,0.3732765316963196,-0.031103631481528282,0.4059825539588928,0.30302298069000244,-0.04895392805337906,0.4213743209838867,0.2422114610671997,-0.06314760446548462,0.3189985156059265,0.5189942121505737,-0.03443190082907677,0.3309338092803955,0.4286433458328247,-0.05384797975420952,0.3399912714958191,0.37440595030784607,-0.06631727516651154,0.35314062237739563,0.322833776473999,-0.07627144455909729
0.35865503549575806,0.7801645994186401,6.458627126448846e-07,0.4472119212150574,0.7320466041564941,-0.03221788629889488,0.48810911178588867,0.6399110555648804,-0.04635363444685936,0.5100528001785278,0.5571455955505371,-0.060275159776210785,0.5483471751213074,0.49099305272102356,-0.07399719953536987,0.4665749669075012,0.5095765590667725,-0.007302438374608755,0.4877784848213196,0.39205995202064514,-0.02428317256271839,0.49875661730766296,0.31624555587768555,-0.04316404461860657,0.5044100284576416,0.2505609095096588,-0.05948090925812721,0.4165067672729492,0.49285370111465454,-0.014589311555027962,0.4414864182472229,0.36092257499694824,-0.030564019456505775,0.4589681327342987,0.2745465934276581,-0.0523410327732563,0.4699951708316803,0.20765432715415955,-0.07071004807949066,0.3650796115398407,0.5001148581504822,-0.028492823243141174,0.38597992062568665,0.37382712960243225,-0.04870029538869858,0.4047466218471527,0.3020906448364258,-0.06751036643981934,0.42231684923171997,0.2401975393295288,-0.08227132260799408,0.3129822015762329,0.5227769017219543,-0.04632369428873062,0.3249537944793701,0.42904919385910034,-0.06968164443969727,0.33484628796577454,0.3721439242362976,-0.08340413123369217,0.3489866256713867,0.3170672059059143,-0.09394846856594086
0.348382830619812,0.7877908945083618,4.917895921607851e-07,0.43538716435432434,0.7426027655601501,-0.0322609543800354,0.4793850779533386,0.6433195471763611,-0.04117099195718765,0.503669023513794,0.552052915096283,-0.04886845499277115,0.5401715636253357,0.48576074838638306,-0.05617891997098923,0.4557478129863739,0.5103127360343933,-0.0037635164335370064,0.4777742922306061,0.3912673592567444,-0.01978636533021927,0.4874570071697235,0.31376397609710693,-0.03790177032351494,0.49406376481056213,0.24503624439239502,-0.053323257714509964,0.4088073670864105,0.4911840558052063,-0.007322570309042931,0.4328262209892273,0.35806459188461304,-0.02137809991836548,0.44966670870780945,0.27019184827804565,-0.04153525084257126,0.45974159240722656,0.2016909420490265,-0.05817636847496033,0.35897985100746155,0.4980719983577728,-0.01735094003379345,0.3771408200263977,0.36948835849761963,-0.036019325256347656,0.3940633535385132,0.2961493730545044,-0.05386587232351303,0.40984076261520386,0.23360896110534668,-0.06691935658454895,0.3071715235710144,0.5245215892791748,-0.03119370900094509,0.315308153629303,0.4276067912578583,-0.052736762911081314,0.3241816461086273,0.3704642951488495,-0.06533030420541763,0.33748549222946167,0.3158750534057617,-0.07414771616458893
0.3523769974708557,0.7956073880195618,5.811602932226378e-07,0.4434698224067688,0.7520217895507812,-0.0380561538040638,0.48821136355400085,0.6538110971450806,-0.05292143300175667,0.5117149949073792,0.5625823140144348,-0.0663546696305275,0.5538370013237,0.4949771463871002,-0.07991857081651688,0.46579939126968384,0.521414577960968,-0.015730956569314003,0.48876070976257324,0.397704541683197,-0.037123482674360275,0.5000189542770386,0.3162076473236084,-0.05890360102057457,0.5074355602264404,0.24369287490844727,-0.07733315229415894,0.415504515171051,0.5030003786087036,-0.020705167204141617,0.442489355802536,0.36513009667396545,-0.041015516966581345,0.46147918701171875,0.27386876940727234,-0.06596037745475769,0.47303542494773865,0.20196354389190674,-0.08654110133647919,0.3636589050292969,0.5102329850196838,-0.032529354095458984,0.38399890065193176,0.3781769275665283,-0.0574331060051918,0.4022934138774872,0.3022407591342926,-0.0794060155749321,0.4197024405002594,0.2360975444316864,-0.09576082229614258,0.31152844429016113,0.5345574617385864,-0.04852944239974022,0.3215579688549042,0.4365718960762024,-0.07571573555469513,0.3299788534641266,0.37798476219177246,-0.09178873151540756,0.3431881070137024,0.32088688015937805,-0.10370995104312897
0.3608781695365906,0.800574004650116,4.987056740901608e-07,0.4439307451248169,0.759080171585083,-0.034425754100084305,0.48996803164482117,0.6585941314697266,-0.045382026582956314,0.5161939263343811,0.5648905038833618,-0.054253529757261276,0.553607702255249,0.4998120665550232,-0.0624883808195591,0.46823546290397644,0.5191774368286133,-0.014650325290858746,0.49094250798225403,0.398684024810791,-0.035698648542165756,0.5013905167579651,0.31942588090896606,-0.055221833288669586,0.5085839033126831,0.2517896890640259,-0.07087863236665726,0.4192504286766052,0.4978683888912201,-0.01802534982562065,0.4443815052509308,0.36429351568222046,-0.03845125809311867,0.46243593096733093,0.27510952949523926,-0.0602291002869606,0.4746644198894501,0.2055237889289856,-0.07670436799526215,0.367953360080719,0.5060645937919617,-0.027320677414536476,0.3879932463169098,0.3754357397556305,-0.05179397016763687,0.4065759479999542,0.30065566301345825,-0.07060186564922333,0.42433401942253113,0.23817971348762512,-0.08294473588466644,0.3145700991153717,0.5368288159370422,-0.04014941304922104,0.32188743352890015,0.43805885314941406,-0.06690973788499832,0.3310021758079529,0.37795573472976685,-0.08127448707818985,0.3447204530239105,0.32109373807907104,-0.09009282290935516
0.363020658493042,0.7937365174293518,5.290283411341079e-07,0.4499519467353821,0.7437317371368408,-0.03223506361246109,0.4908914864063263,0.6460461616516113,-0.043552104383707047,0.512799859046936,0.5567182302474976,-0.053915269672870636,0.549976646900177,0.49209046363830566,-0.06387659162282944,0.46677282452583313,0.5133052468299866,-0.009477040730416775,0.4894788861274719,0.3940293788909912,-0.02846716158092022,0.49847176671028137,0.31756284832954407,-0.048094771802425385,0.503889799118042,0.2504933774471283,-0.06446485221385956,0.4177643656730652,0.4948308765888214,-0.014425564557313919,0.44226428866386414,0.3613249659538269,-0.0332217812538147,0.4596342444419861,0.27251264452934265,-0.05660180374979973,0.4707995355129242,0.2034139633178711,-0.07529476284980774,0.3670301139354706,0.5042949318885803,-0.02533484622836113,0.3860760033130646,0.3750911355018616,-0.04754021018743515,0.40435630083084106,0.30147218704223633,-0.0675685852766037,0.4216448962688446,0.23935478925704956,-0.08217065781354904,0.3156607151031494,0.5338893532752991,-0.03978007659316063,0.3220154047012329,0.4383809566497803,-0.06454907357692719,0.33075955510139465,0.3788479268550873,-0.07933033257722855,0.3443465828895569,0.3214978873729706,-0.089741051197052
0.35785919427871704,0.7832492589950562,5.394181243900675e-07,0.4424700438976288,0.7366369962692261,-0.03572326898574829,0.4843374788761139,0.6406726837158203,-0.04849323630332947,0.5076493620872498,0.5528942942619324,-0.05925723910331726,0.5436660051345825,0.4871036112308502,-0.06945223361253738,0.460737019777298,0.5084671974182129,-0.0143341775983572,0.48103341460227966,0.3893428146839142,-0.03359357267618179,0.4897764027118683,0.3128829598426819,-0.05288957059383392,0.4949764907360077,0.24640053510665894,-0.06875546276569366,0.41219452023506165,0.4904756247997284,-0.017110494896769524,0.43558549880981445,0.35899341106414795,-0.03511260822415352,0.4517989754676819,0.27101996541023254,-0.05663878098130226,0.46155425906181335,0.20321160554885864,-0.07391751557588577,0.3616991341114044,0.4992145001888275,-0.026048464700579643,0.3809981048107147,0.37307584285736084,-0.04719006270170212,0.39794087409973145,0.3002798557281494,-0.06575961410999298,0.41366976499557495,0.23881682753562927,-0.07936108857393265,0.31036657094955444,0.5271214246749878,-0.03892967477440834,0.31640174984931946,0.4333462119102478,-0.06268960982561111,0.3235340416431427,0.3757757544517517,-0.07652192562818527,0.33545607328414917,0.3202303946018219,-0.0861813873052597
0.3523232340812683,0.779177188873291,5.625962558042374e-07,0.44066572189331055,0.7256601452827454,-0.03283238783478737,0.4796451926231384,0.6287619471549988,-0.04412969946861267,0.5004211068153381,0.5407063364982605,-0.05498083308339119,0.5370346307754517,0.47416001558303833,-0.06546474993228912,0.4537399709224701,0.504535436630249,-0.0025386428460478783,0.47159644961357117,0.3856556713581085,-0.01842483878135681,0.480469286441803,0.30925577878952026,-0.036818165332078934,0.4855607748031616,0.24138936400413513,-0.052833303809165955,0.40604501962661743,0.4885709583759308,-0.007420000154525042,0.4272174835205078,0.3554469645023346,-0.02198963239789009,0.4435262978076935,0.2680947184562683,-0.04316598176956177,0.4525661766529083,0.2009081244468689,-0.06095758080482483,0.35666513442993164,0.4973868131637573,-0.01924084685742855,0.3729141354560852,0.3692932724952698,-0.03880361095070839,0.38945329189300537,0.2961324155330658,-0.058477841317653656,0.40486398339271545,0.23402556777000427,-0.07342840731143951,0.3067814111709595,0.5223211050033569,-0.0350210927426815,0.3118136525154114,0.42912644147872925,-0.05772653967142105,0.3180128335952759,0.37182897329330444,-0.0721651017665863,0.3293989896774292,0.3171141743659973,-0.08301253616809845
0.35198673605918884,0.7793687582015991,4.3277103145555884e-07,0.43599700927734375,0.7297821044921875,-0.030295783653855324,0.4789183735847473,0.631022036075592,-0.037616923451423645,0.5023717284202576,0.5402969121932983,-0.043859515339136124,0.535750687122345,0.47588658332824707,-0.049710750579833984,0.45272037386894226,0.5021499395370483,-0.0039685009978711605,0.47236818075180054,0.38548898696899414,-0.021130431443452835,0.48033958673477173,0.3113963007926941,-0.03950461745262146,0.48575475811958313,0.24603721499443054,-0.05467240512371063,0.40725457668304443,0.4833659827709198,-0.0073007093742489815,0.4282841384410858,0.3544048070907593,-0.023186540231108665,0.44344520568847656,0.2696990966796875,-0.04425373673439026,0.4522940516471863,0.2032846212387085,-0.06088431924581528,0.35914361476898193,0.4918488562107086,-0.01658877357840538,0.3739354610443115,0.3667409420013428,-0.036595944315195084,0.3899482190608978,0.29441899061203003,-0.055724747478961945,0.4051513671875,0.2338387370109558,-0.06914013624191284,0.3088313341140747,0.5212573409080505,-0.029259594157338142,0.3126451075077057,0.4291217029094696,-0.051516421139240265,0.31950485706329346,0.37260979413986206,-0.0649169459939003,0.33040595054626465,0.31886938214302063,-0.07390125840902328
0.3531094491481781,0.7780765295028687,5.368327720134403e-07,0.43784958124160767,0.7249066233634949,-0.030425114557147026,0.4754472076892853,0.6279611587524414,-0.04044538736343384,0.4984266757965088,0.5400620698928833,-0.049613382667303085,0.5336902737617493,0.47389087080955505,-0.05811068415641785,0.45029526948928833,0.5011749863624573,-0.0037136320024728775,0.47093334794044495,0.3828262984752655,-0.019231224432587624,0.4796348214149475,0.3072858452796936,-0.0364140160381794,0.48438572883605957,0.241792231798172,-0.05098019912838936,0.40349581837654114,0.484253853559494,-0.007872488349676132,0.42546096444129944,0.3524155616760254,-0.022695453837513924,0.44057971239089966,0.26529309153556824,-0.04264939948916435,0.44926127791404724,0.1982361376285553,-0.05893521383404732,0.35429805517196655,0.494151771068573,-0.01812061108648777,0.3715626299381256,0.3678118884563446,-0.03641247749328613,0.3883928954601288,0.29497992992401123,-0.053867630660533905,0.40406492352485657,0.2336914837360382,-0.0669250339269638,0.3041125237941742,0.5225408673286438,-0.03194647654891014,0.30893903970718384,0.42868220806121826,-0.05317199230194092,0.3157655596733093,0.3713218569755554,-0.06583569198846817,0.32747215032577515,0.315915048122406,-0.07490310817956924
0.3521127998828888,0.7817018032073975,4.829443582821114e-07,0.4361126124858856,0.7281513810157776,-0.02889811247587204,0.4749642312526703,0.6267209053039551,-0.03534325584769249,0.4980942904949188,0.5351004600524902,-0.04108333960175514,0.5323953628540039,0.4709835648536682,-0.04604600369930267,0.4508933424949646,0.5022616386413574,0.0032906627748161554,0.4697533845901489,0.38415998220443726,-0.009715835563838482,0.47766539454460144,0.3077206611633301,-0.025716224685311317,0.482729971408844,0.24085146188735962,-0.03948713093996048,0.40492361783981323,0.4835292398929596,0.0003273428592365235,0.4253964126110077,0.3537749648094177,-0.010164313018321991,0.43958917260169983,0.26834842562675476,-0.02763780765235424,0.44828587770462036,0.20170563459396362,-0.042104095220565796,0.35655826330184937,0.4915912449359894,-0.008988020941615105,0.3719107508659363,0.3669470548629761,-0.02375020645558834,0.38727736473083496,0.29543328285217285,-0.03989533334970474,0.40164053440093994,0.23514264822006226,-0.05192076414823532,0.30610400438308716,0.5196824073791504,-0.02195720188319683,0.3094220757484436,0.42689844965934753,-0.03997387737035751,0.31531059741973877,0.370199978351593,-0.05121271312236786,0.32591521739959717,0.31686317920684814,-0.059078000485897064
0.35325008630752563,0.7728461027145386,5.692435252058203e-07,0.44178467988967896,0.7178292274475098,-0.02916575036942959,0.47855740785598755,0.6208199262619019,-0.03812887892127037,0.4987490177154541,0.5337232947349548,-0.04758831486105919,0.5336868762969971,0.4676381051540375,-0.05685063451528549,0.4521430730819702,0.5010133385658264,0.005467614158987999,0.4694581925868988,0.38242873549461365,-0.006878434214740992,0.47820186614990234,0.3063516616821289,-0.023334497585892677,0.48244625329971313,0.23920515179634094,-0.03828027844429016,0.40404534339904785,0.48588046431541443,-0.0006375295342877507,0.42487990856170654,0.35208606719970703,-0.011140489019453526,0.44059833884239197,0.26619306206703186,-0.030320290476083755,0.448964923620224,0.20081669092178345,-0.04699695482850075,0.3549218773841858,0.4944511950016022,-0.013815938495099545,0.3709142804145813,0.36643344163894653,-0.03003213368356228,0.38773319125175476,0.2955467700958252,-0.04844331368803978,0.4031471610069275,0.23426616191864014,-0.06307046860456467,0.3052555322647095,0.517885148525238,-0.03088034875690937,0.31023135781288147,0.42544206976890564,-0.05118848383426666,0.31590697169303894,0.36930251121520996,-0.06458339095115662,0.3266853094100952,0.3151017427444458,-0.0751136839389801
0.3504878282546997,0.7682780027389526,5.005312004868756e-07,0.43678349256515503,0.7170315980911255,-0.027857568114995956,0.47282445430755615,0.6205207705497742,-0.0351468063890934,0.49573513865470886,0.5344952940940857,-0.04262063279747963,0.5307104587554932,0.4682149589061737,-0.04973459616303444,0.44918888807296753,0.4996011555194855,0.005795145407319069,0.4674732983112335,0.3812067210674286,-0.0062067038379609585,0.47500184178352356,0.30632126331329346,-0.02192259021103382,0.47813382744789124,0.24048781394958496,-0.035839468240737915,0.40287524461746216,0.48277202248573303,0.0009258942445740104,0.4229312539100647,0.3498401641845703,-0.009274114854633808,0.437613308429718,0.264462947845459,-0.027432432398200035,0.4442073404788971,0.20081597566604614,-0.04300084337592125,0.35474419593811035,0.49054279923439026,-0.010593581944704056,0.36883389949798584,0.3644479811191559,-0.0252773966640234,0.38362669944763184,0.29298076033592224,-0.04158933088183403,0.3970455527305603,0.2324914038181305,-0.05449483171105385,0.3059013783931732,0.5154157280921936,-0.025908805429935455,0.3095109462738037,0.4230004847049713,-0.04409387707710266,0.31478989124298096,0.3682112693786621,-0.055539004504680634,0.3254680037498474,0.31583040952682495,-0.06441247463226318
0.35032370686531067,0.7748724222183228,5.967609695289866e-07,0.4376089572906494,0.7192369103431702,-0.03242377191781998,0.4749448299407959,0.6232157945632935,-0.04521084949374199,0.4958321452140808,0.5395171642303467,-0.0581112839281559,0.5311140418052673,0.47081324458122253,-0.07076451927423477,0.45053187012672424,0.5009613633155823,-0.002021848689764738,0.4672844111919403,0.38273054361343384,-0.017626918852329254,0.47607722878456116,0.30617815256118774,-0.03593941405415535,0.47989413142204285,0.23964548110961914,-0.05198237672448158,0.4019016623497009,0.4870520532131195,-0.00845479778945446,0.42246028780937195,0.35316091775894165,-0.022098010405898094,0.438255250453949,0.2667601406574249,-0.04262740910053253,0.44705286622047424,0.2014092206954956,-0.06028136983513832,0.3520998954772949,0.49656522274017334,-0.022073570638895035,0.36867183446884155,0.3684266209602356,-0.04094981774687767,0.3851800560951233,0.2966352701187134,-0.060188569128513336,0.4002135694026947,0.23574963212013245,-0.07538674026727676,0.30253738164901733,0.5211723446846008,-0.039802197366952896,0.3075774908065796,0.42905667424201965,-0.06242561712861061,0.3131747841835022,0.3716406226158142,-0.0768536850810051,0.3236525058746338,0.3163613975048065,-0.08811452984809875
0.3582393229007721,0.7764139175415039,4.426728708040173e-07,0.4407101273536682,0.7324005961418152,-0.032000232487916946,0.4836675226688385,0.6334668397903442,-0.039645757526159286,0.5068223476409912,0.543498158454895,-0.04565593600273132,0.538320004940033,0.4801196753978729,-0.05107293650507927,0.45992809534072876,0.5033404231071472,-0.00558858085423708,0.48020997643470764,0.388608455657959,-0.021749302744865417,0.48911017179489136,0.31453296542167664,-0.039275746792554855,0.4948066473007202,0.24997946619987488,-0.053813137114048004,0.41433197259902954,0.4835706651210785,-0.007593219168484211,0.4369722604751587,0.35658055543899536,-0.021919608116149902,0.45235371589660645,0.27244555950164795,-0.04117882624268532,0.46181944012641907,0.20599880814552307,-0.05646827444434166,0.36640000343322754,0.49155646562576294,-0.015665754675865173,0.384105384349823,0.3688298761844635,-0.034019120037555695,0.4009793996810913,0.2981002628803253,-0.05161092430353165,0.41633281111717224,0.23852059245109558,-0.06399313360452652,0.31602972745895386,0.5211350917816162,-0.027392791584134102,0.32100242376327515,0.4275895357131958,-0.0486978217959404,0.3280504643917084,0.37009912729263306,-0.0613713301718235,0.3389812707901001,0.31568825244903564,-0.06976836919784546
0.35312771797180176,0.7686260938644409,6.240841230464866e-07,0.44686880707740784,0.7186810970306396,-0.032222747802734375,0.4853556752204895,0.6246317028999329,-0.04284325987100601,0.5032447576522827,0.540370523929596,-0.05406489223241806,0.5376260876655579,0.47199952602386475,-0.06509839743375778,0.4598221480846405,0.5038272142410278,0.006407579407095909,0.47816237807273865,0.3831470012664795,-0.00638002110645175,0.48690900206565857,0.3069932758808136,-0.024606827646493912,0.49161529541015625,0.24120405316352844,-0.04075665399432182,0.4111006557941437,0.4892117381095886,0.001154820085503161,0.4328608512878418,0.35423988103866577,-0.00864412635564804,0.4485072195529938,0.2672535479068756,-0.030129702761769295,0.4572334587574005,0.20245525240898132,-0.04917764663696289,0.3621425926685333,0.4958510100841522,-0.011652717366814613,0.3792738914489746,0.369410902261734,-0.026216797530651093,0.39422428607940674,0.29698890447616577,-0.04546663910150528,0.40754517912864685,0.2347990870475769,-0.061441536992788315,0.313272625207901,0.5149769186973572,-0.02898726984858513,0.3200775384902954,0.4248703122138977,-0.04707616567611694,0.3249156177043915,0.3698798716068268,-0.059767886996269226,0.3344576358795166,0.3166815936565399,-0.07052735239267349
0.3640926778316498,0.7705404162406921,5.804042757517891e-07,0.4520689845085144,0.7216721773147583,-0.030504243448376656,0.49081677198410034,0.6262719035148621,-0.04161078855395317,0.5105803608894348,0.5438576936721802,-0.05188874527812004,0.5441634654998779,0.478800892829895,-0.061908550560474396,0.4662923216819763,0.5017948150634766,-0.011053734458982944,0.4852941334247589,0.38399699330329895,-0.029381921514868736,0.4945732057094574,0.30794382095336914,-0.04790358245372772,0.49977388978004456,0.24266812205314636,-0.06339714676141739,0.41826874017715454,0.48471781611442566,-0.017074638977646828,0.4397578835487366,0.3553871810436249,-0.035532232373952866,0.45634254813194275,0.26890185475349426,-0.057328615337610245,0.4665772318840027,0.20409655570983887,-0.07467185705900192,0.36806297302246094,0.494549959897995,-0.028967401012778282,0.38652583956718445,0.3690245449542999,-0.05101251229643822,0.4027778208255768,0.2972407341003418,-0.07004281878471375,0.4179750978946686,0.2367967963218689,-0.08379745483398438,0.3170289993286133,0.5222331881523132,-0.04424836486577988,0.32459670305252075,0.42827799916267395,-0.06908600777387619,0.331373393535614,0.3708499073982239,-0.08333100378513336,0.3428654670715332,0.3152581453323364,-0.09322327375411987
0.3604820966720581,0.7670459747314453,6.531262783937564e-07,0.45310384035110474,0.7167080044746399,-0.03091014176607132,0.4905519485473633,0.6232555508613586,-0.04396131634712219,0.5091224908828735,0.5413187742233276,-0.057976387441158295,0.5442519187927246,0.4749486446380615,-0.07230722904205322,0.4661523699760437,0.504085898399353,-0.0015335258794948459,0.48537328839302063,0.38760364055633545,-0.017476866021752357,0.49628111720085144,0.31156787276268005,-0.03672817721962929,0.5015619397163391,0.24479597806930542,-0.05373971909284592,0.4174397885799408,0.489837110042572,-0.009701446630060673,0.43988195061683655,0.3586898446083069,-0.0239349864423275,0.4558298885822296,0.2728232443332672,-0.0463520847260952,0.46554842591285706,0.2057947814464569,-0.06572870910167694,0.3679717183113098,0.4973062574863434,-0.02489302307367325,0.3871811032295227,0.37190473079681396,-0.04382108896970749,0.40284013748168945,0.3008730113506317,-0.06405702978372574,0.41658759117126465,0.23895370960235596,-0.08031591027975082,0.3184387981891632,0.5182122588157654,-0.04414072260260582,0.3257385492324829,0.4270206689834595,-0.06621280312538147,0.3317066729068756,0.3705892562866211,-0.08051148056983948,0.3422067165374756,0.31563013792037964,-0.09211321175098419
0.3603101670742035,0.7702602744102478,4.787723923982412e-07,0.4447822570800781,0.7211530208587646,-0.028725208714604378,0.48517000675201416,0.6274552941322327,-0.03774243965744972,0.5066053867340088,0.5412922501564026,-0.046396005898714066,0.5410363674163818,0.47866082191467285,-0.05492762476205826,0.4610181450843811,0.5006721019744873,-0.004086210858076811,0.48145586252212524,0.38528895378112793,-0.02084537222981453,0.4903004765510559,0.312963604927063,-0.03894321620464325,0.4953535497188568,0.2492283582687378,-0.054045867174863815,0.4150005877017975,0.48266106843948364,-0.009289116598665714,0.43814730644226074,0.3544653654098511,-0.02513277716934681,0.45422956347465515,0.27017101645469666,-0.046130772680044174,0.4634370803833008,0.2044861614704132,-0.06295902281999588,0.36672526597976685,0.4908219575881958,-0.020395923405885696,0.3845047950744629,0.3672877550125122,-0.03991033881902695,0.4019772410392761,0.29722338914871216,-0.05883469432592392,0.4179869294166565,0.23749855160713196,-0.0727740004658699,0.3169097900390625,0.517857015132904,-0.0348033644258976,0.320681095123291,0.42722591757774353,-0.05713043734431267,0.32743901014328003,0.3711763620376587,-0.0707857683300972,0.3389649987220764,0.31662285327911377,-0.08046792447566986
0.35881829261779785,0.7751857042312622,4.876908406004077e-07,0.4432547390460968,0.7245858907699585,-0.029954368248581886,0.4824872612953186,0.6278923749923706,-0.039073798805475235,0.5036896467208862,0.5408162474632263,-0.04743131250143051,0.5385186672210693,0.47849273681640625,-0.05549138784408569,0.4577418267726898,0.5022834539413452,-0.005734968464821577,0.47855886816978455,0.3866717219352722,-0.022377626970410347,0.4866272211074829,0.3129730224609375,-0.04076499119400978,0.4912490248680115,0.24738022685050964,-0.056326668709516525,0.41089513897895813,0.4845583140850067,-0.010184772312641144,0.43337082862854004,0.35588717460632324,-0.02584649622440338,0.4487084448337555,0.27088868618011475,-0.047345537692308426,0.45781171321868896,0.20417630672454834,-0.06481952965259552,0.36228039860725403,0.49338221549987793,-0.020436611026525497,0.3795364797115326,0.37074217200279236,-0.03946063295006752,0.39629116654396057,0.30083826184272766,-0.05821409448981285,0.41200780868530273,0.2405698597431183,-0.07227741926908493,0.3127673268318176,0.5217288136482239,-0.03415604308247566,0.3171658515930176,0.4307869076728821,-0.05594602972269058,0.32405298948287964,0.3743823170661926,-0.06932242214679718,0.33603888750076294,0.3196754455566406,-0.07897156476974487
0.3546275794506073,0.7681965231895447,6.548596616084978e-07,0.44505807757377625,0.7118252515792847,-0.028277235105633736,0.48134469985961914,0.6197072863578796,-0.040365178138017654,0.5003530979156494,0.5393966436386108,-0.05429653450846672,0.5358595848083496,0.471172571182251,-0.06843350827693939,0.45662564039230347,0.5000894069671631,0.0056218779645860195,0.47450417280197144,0.38347387313842773,-0.007598123978823423,0.4842773675918579,0.3084075152873993,-0.02541959285736084,0.48843148350715637,0.24334707856178284,-0.041819170117378235,0.4084242284297943,0.4875688850879669,-0.00393568305298686,0.4296530485153198,0.35719308257102966,-0.016035916283726692,0.4441211223602295,0.2719461917877197,-0.03807632997632027,0.45388245582580566,0.20626553893089294,-0.05777683109045029,0.35918813943862915,0.49635303020477295,-0.020705342292785645,0.37748533487319946,0.3713722825050354,-0.038076456636190414,0.3931708037853241,0.3005134165287018,-0.05868089571595192,0.4076400697231293,0.2406347393989563,-0.07594122737646103,0.30958592891693115,0.5185794234275818,-0.04147212952375412,0.31572026014328003,0.4288846254348755,-0.0627322718501091,0.32109493017196655,0.3717527389526367,-0.07779110968112946,0.33153480291366577,0.31699103116989136,-0.09062300622463226
0.35427939891815186,0.7702862024307251,4.937422204420727e-07,0.438688725233078,0.7186439633369446,-0.02259952761232853,0.47674641013145447,0.6210128664970398,-0.028309807181358337,0.4990168809890747,0.5349501371383667,-0.03510211035609245,0.5329160094261169,0.4724012315273285,-0.04191388934850693,0.4525275230407715,0.5000696778297424,0.006321248598396778,0.47205427289009094,0.3854386806488037,-0.006099764723330736,0.48092156648635864,0.3123016357421875,-0.021906806156039238,0.4857886731624603,0.24813875555992126,-0.03600648418068886,0.40715357661247253,0.4820292294025421,-0.0013683985453099012,0.42876943945884705,0.3544813394546509,-0.013301346451044083,0.4439043700695038,0.2697795331478119,-0.03276601806282997,0.45279043912887573,0.20409825444221497,-0.04910833761096001,0.35930898785591125,0.4895302653312683,-0.014744361862540245,0.3757907748222351,0.36721527576446533,-0.030616603791713715,0.39222389459609985,0.2975901961326599,-0.047967225313186646,0.4073857367038727,0.23845887184143066,-0.06157403439283371,0.30976414680480957,0.5155249238014221,-0.031192949041724205,0.31425589323043823,0.42604514956474304,-0.050409261137247086,0.3203747272491455,0.37071627378463745,-0.06255506724119186,0.3312076926231384,0.31752070784568787,-0.07179843634366989
